Workbook

Sheet 表紙
O8: LMS学習管理システム
O9: 体験型Java研修
S11: サービス一覧
X15: ="第"&TEXT(MAX(更新履歴!A8:J32),"#0.0")&"版" -> 第1.5版 | AA15: =MAX(更新履歴!K8:T32) -> 45268
U18: 作成者 | Z18: 審査者 | AE18: 承認者
U19: 臼井

Sheet 更新履歴
A1: プロジェクト名 | K1: システム名 | U1: =表紙!S11 -> サービス一覧 | AO1: 作成者 | AU1: 作成日 | BA1: 更新者 | BG1: 更新日
A2: =表紙!O9 -> 体験型Java研修 | K2: =表紙!O8 -> LMS学習管理システム | U2: 更新履歴 | AO2: 臼井 | AU2: 44287 | BA2: 堀井 | BG2: 45268
A5: バージョン | K5: 日付 | U5: 章番号 | Y5: 内容 | BA5: 作成者 / 更新者
A8: 1 | K8: 44287 | U8: 全て | Y8: 新規作成 | BA8: 臼井
A11: 1.1 | K11: 45027 | U11: 全て | Y11: 解答用使用サービス追記 | BA11: 岡野
A14: 1.2 | K14: 45222 | U14: サービス一覧 | Y14: 契約情報サービスを追加 | BA14: 堀井
A17: 1.3 | K17: 45226 | U17: サービス一覧 | Y17: 助成金情報サービスを追加 | BA17: 堀井
A20: 1.4 | K20: 45229 | U20: サービス一覧 | Y20: 受講生情報サービスを追加 | BA20: 堀井
A23: 1.5 | K23: 45268 | U23: サービス一覧 | Y23: メールキュー情報サービスをメール情報サービスに統合 | BA23: 堀井

Sheet サービス一覧
A1: プロジェクト名 | K1: システム名 | U1: =表紙!S11 -> サービス一覧 | AO1: 作成者 | AU1: 作成日 | BA1: 更新者 | BG1: 更新日
A2: =表紙!O9 -> 体験型Java研修 | K2: =表紙!O8 -> LMS学習管理システム | U2: サービス一覧 | AO2: 臼井 | AU2: 44287 | BA2: 堀井 | BG2: 45268
A5: No. | C5: サービス名 | AP5: サービス詳細/備考
C6: 物理名 | U6: 論理名
A7: =MAX(A$5:INDIRECT("A"&ROW()-1))+1 -> 1 | C7: 企業情報サービス | U7: CompanyService
A8: =MAX(A$5:INDIRECT("A"&ROW()-1))+1 -> 2 | C8: 契約情報サービス | U8: ContractService
A9: =MAX(A$5:INDIRECT("A"&ROW()-1))+1 -> 3 | C9: コース情報サービス | U9: CourseService
A10: =MAX(A$5:INDIRECT("A"&ROW()-1))+1 -> 4 | C10: 評価レポート情報サービス | U10: EvReportService
A11: =MAX(A$5:INDIRECT("A"&ROW()-1))+1 -> 5 | C11: 試験情報サービス | U11: ExamService
A12: =MAX(A$5:INDIRECT("A"&ROW()-1))+1 -> 6 | C12: よくある質問情報サービス | U12: FaqService
A13: =MAX(A$5:INDIRECT("A"&ROW()-1))+1 -> 7 | C13: ジャンル情報サービス | U13: GenreService
A14: =MAX(A$5:INDIRECT("A"&ROW()-1))+1 -> 8 | C14: 休日情報サービス | U14: HolidayService
A15: =MAX(A$5:INDIRECT("A"&ROW()-1))+1 -> 9 | C15: お知らせ情報サービス | U15: InfoService
A16: =MAX(A$5:INDIRECT("A"&ROW()-1))+1 -> 10 | C16: ログイン情報サービス | U16: LoginService
A17: =MAX(A$5:INDIRECT("A"&ROW()-1))+1 -> 11 | C17: メール情報サービス | U17: MailService
A18: =MAX(A$5:INDIRECT("A"&ROW()-1))+1 -> 12 | C18: 面談情報サービス | U18: MeetingService
... A31: =MAX(A$5:INDIRECT("A"&ROW()-1))+1 -> 25 | C31: ユーザー情報サービス | U31: UserService
