Workbook
Name Excel_BuiltIn_Print_Area_3: #REF!
Name Excel_BuiltIn_Print_Area_3: #REF!
Name Excel_BuiltIn_Print_Area_3: #REF!
Name Excel_BuiltIn_Print_Area_3_3: #REF!
Name Excel_BuiltIn_Print_Area_3_3: #REF!
Name Excel_BuiltIn_Print_Area_3_3: #REF!
Name Excel_BuiltIn_Print_Area_3_4: #REF!
Name Excel_BuiltIn_Print_Area_3_4: #REF!
Name Excel_BuiltIn_Print_Area_3_4: #REF!
Name Excel_BuiltIn_Print_Titles_3: #REF!
Name Excel_BuiltIn_Print_Titles_3: #REF!
Name Excel_BuiltIn_Print_Titles_3: #REF!
Name Excel_BuiltIn_Print_Titles_3_3: #REF!
Name Excel_BuiltIn_Print_Titles_3_3: #REF!
Name Excel_BuiltIn_Print_Titles_3_3: #REF!
Name Excel_BuiltIn_Print_Titles_3_4: #REF!
Name Excel_BuiltIn_Print_Titles_3_4: #REF!
Name Excel_BuiltIn_Print_Titles_3_4: #REF!
Name Excel_BuiltIn_Print_Titles_6: #REF!
Name Excel_BuiltIn_Print_Titles_6: #REF!
Name Excel_BuiltIn_Print_Titles_6: #REF!
Name Excel_BuiltIn_Print_Titles_6_3: #REF!
Name Excel_BuiltIn_Print_Titles_6_3: #REF!
Name Excel_BuiltIn_Print_Titles_6_3: #REF!
Name Excel_BuiltIn_Print_Titles_6_4: #REF!
Name Excel_BuiltIn_Print_Titles_6_4: #REF!
Name Excel_BuiltIn_Print_Titles_6_4: #REF!
Name Excel_BuiltIn_Print_Titles_7: [1]SW!#REF!
Name Excel_BuiltIn_Print_Titles_7: [1]SW!#REF!
Name Excel_BuiltIn_Print_Titles_7: [1]SW!#REF!
Name Excel_BuiltIn_Print_Titles_7_3: [2]SW!#REF!
Name Excel_BuiltIn_Print_Titles_7_3: [2]SW!#REF!
Name Excel_BuiltIn_Print_Titles_7_3: [2]SW!#REF!
Name Excel_BuiltIn_Print_Titles_7_4: [2]SW!#REF!
Name Excel_BuiltIn_Print_Titles_7_4: [2]SW!#REF!
Name Excel_BuiltIn_Print_Titles_7_4: [2]SW!#REF!

Sheet 表紙
O9: 助成金書類DL機能のユーザビリティ向上プロジェクト
O10: LMS学習管理システム
S12: 画面レイアウト設計書
X17: ="第"&TEXT(MAX(更新履歴!A8:I172),"#0.0")&"版" -> 第0.5版 | AA17: =MAX(更新履歴!J8:Q36) -> 43105
U20: 作成者 | Z20: 審査者 | AE20: 承認者

Sheet 更新履歴
A1: プロジェクト名 | J1: システム名 | R1: =表紙!S12 -> 画面レイアウト設計書 | AJ1: 作成者 | AO1: 作成日 | AT1: 更新者 | AY1: 更新日
A2: =表紙!O9 -> 助成金書類DL機能のユーザビリティ向上プロジェクト | J2: =表紙!O10 -> LMS学習管理システム | R2: 更新履歴 | AJ2: 本松 | AO2: 42684 | AT2: 櫻井 | AY2: 43025
A5: バージョン | J5: 日付 | R5: 章番号 | V5: 内容 | AT5: 作成者 / 更新者
A8: 0.1 | J8: 42684 | R8: 全て | V8: 新規作成 | AT8: 本松
A11: 0.2 | J11: 42696 | R11: 追加 | V11: 企業登録画面、企業変更画面、企業一覧画面を追加 | AT11: 櫻井
A14: 0.3 | J14: 43025 | R14: - | V14: 助成金企業一覧画面、企業情報画面、企業情報編集画面 | AT14: 櫻井
A19: 0.4 | J19: 43104 | R19: - | V19: 【助成金書類DL機能のユーザビリティ向上 案件対応】 企業情報画面 | AT19: 原
A22: 0.5 | J22: 43105 | R22: - | V22: 【事務工数削減 案件対応】 企業情報画面に送付状出力機能を追加 | AT22: 櫻井

Sheet 助成金企業一覧画面
A1: プロジェクト名 | J1: システム名 | R1: =表紙!S12 -> 画面レイアウト設計書 | AJ1: 作成者 | AO1: 作成日 | AT1: 更新者 | AY1: 更新日
A2: =表紙!O9 -> 助成金書類DL機能のユーザビリティ向上プロジェクト | J2: =表紙!O10 -> LMS学習管理システム | R2: =RIGHT(CELL("filename",A1),LEN(CELL("filename",A1))-FIND("]",CELL("filename",A1))) -> 助成金企業一覧画面 | AJ2: 本松 | AO2: 42684 | AT2: 櫻井 | AY2: 43027
B5: 画面イメージ
C6: ※管理者のみアクセス可能
B28: 出力仕様
B29: No | D29: 項目名 | M29: データ元 | AF29: 備考
M30: テーブル名 | W30: フィールド
B31: 1 | D31: 企業名 | M31: m_company | W31: company_name | AF31: サジェスト検索を可能にする
AF32: 企業マスタ.企業名をリスト表示
B33: 2 | D33: 企業ID | M33: m_company | W33: company_id | AF33: 一覧に出力する
B34: 3 | D34: 企業情報 | M34: m_company | W34: company_name_kana | AF34: 企業名（カナ）が入力されている場合『入力済』、入力されていない場合『*未入力』を一覧に表示する
B35: 4 | D35: 助成金情報 | M35: m_company | W35: holiday | AF35: 休日が入力されている場合『入力済』、入力されていない場合『*未入力』を一覧に表示する
B36: 5 | D36: 企業名 | M36: m_company | W36: company_name | AF36: 一覧に出力する
B37: 6 | D37: 住所 | M37: m_company | W37: address | AF37: 一覧に出力する
B41: ◆『検索』ボタン押下時
B43: 入力仕様
B44: No | D44: 項目名 | J44: 物理名 | P44: コントロール | V44: 必須 | X44: 桁数 | AA44: 最小値 | AD44: 最大値 | AG44: IME | AI44: 属性 | AQ44: 備考
B45: 1 | D45: 企業名 | J45: - | P45: テキストボックス | V45: - | X45: 50 | AA45: - | AD45: - | AG45: off | AI45: -
B46: 2 | D46: 検索 | J46: - | P46: 送信ボタン | V46: - | X46: - | AA46: - | AD46: - | AG46: - | AI46: /subsidy/company/list
B48: ◆『企業情報参照』ボタン押下時
B50: 入力仕様
B51: No | D51: 項目名 | J51: 物理名 | P51: コントロール | V51: 必須 | X51: 桁数 | AA51: 最小値 | AD51: 最大値 | AG51: IME | AI51: 属性 | AQ51: 備考
B52: 1 | D52: 企業ID | J52: companyId | P52: hidden | V52: ○ | X52: - | AA52: - | AD52: - | AG52: - | AI52: 半角数字
B53: 2 | D53: 企業情報参照 | J53: - | P53: 送信ボタン | V53: - | X53: - | AA53: - | AD53: - | AG53: - | AI53: /subsidy/company/detail | AQ53: 企業情報画面へ遷移する
B55: その他 入力仕様
B56: No | D56: 項目名 | J56: 備考
B57: 1 | D57: 企業ID | J57: 企業マスタに存在しない場合、不正アクセス画面に遷移する。
B59: その他仕様
B60: ・パラメーターとして設定された企業IDをセッションに保持する。
B62: ◆『書類ダウンロード』ボタン押下時
B64: 入力仕様
B65: No | D65: 項目名 | J65: 物理名 | P65: コントロール | V65: 必須 | X65: 桁数 | AA65: 最小値 | AD65: 最大値 | AG65: IME | AI65: 属性 | AQ65: 備考
B66: 1 | D66: 企業ID | J66: companyId | P66: hidden | V66: ○ | X66: - | AA66: - | AD66: - | AG66: - | AI66: 半角数字
B67: 2 | D67: 書類ダウンロード | J67: - | P67: 送信ボタン | V67: - | X67: - | AA67: - | AD67: - | AG67: - | AI67: /subsidy/download/category | AQ67: 助成金カテゴリ選択画面へ遷移する
B69: その他 入力仕様
B70: No | D70: 項目名 | J70: エラー条件 | W70: 挙動 | AJ70: エラー文
B71: 1 | D71: 企業ID | J71: 企業マスタに存在しない場合 | W71: 不正アクセス画面に遷移する | AJ71: -
B73: その他仕様
B74: ・パラメーターとして設定された企業IDをセッションに保持する。

Sheet 企業情報画面
A1: プロジェクト名 | J1: システム名 | R1: =表紙!S12 -> 画面レイアウト設計書 | AJ1: 作成者 | AO1: 作成日 | AT1: 更新者 | AY1: 更新日
A2: =表紙!O9 -> 助成金書類DL機能のユーザビリティ向上プロジェクト | J2: =表紙!O10 -> LMS学習管理システム | R2: =RIGHT(CELL("filename",A1),LEN(CELL("filename",A1))-FIND("]",CELL("filename",A1))) -> 企業情報画面 | AJ2: 本松 | AO2: 42684 | AT2: 櫻井 | AY2: 43105
B5: 画面イメージ
C6: ◆【管理者権限】 初期表示 | AC6: ◆【管理者権限】 助成金情報表示時
C41: ◆【企業担当者権限】 初期表示 | AC41: ◆【企業担当者権限】 助成金情報表示時
B77: 出力仕様
B78: No | D78: 項目名 | M78: データ元 | AF78: 備考
M79: テーブル名 | W79: フィールド
B80: 基本情報
B81: 1 | D81: 企業名 | M81: m_company | W81: company_name
B82: 2 | D82: 企業名（カナ） | M82: m_company | W82: company_name_kana
B83: 3 | D83: 郵便番号 | M83: m_company | W83: post_number1 | AF83: 「郵便番号1」－「郵便番号2」
M84: m_company | W84: post_number2
B85: 4 | D85: 企業所在地 | M85: m_company | W85: address
B86: 5 | D86: 電話番号 | M86: m_company | W86: phone_number1 | AF86: 「電話番号1」－「電話番号2」－「電話番号3」
M87: m_company | W87: phone_number2
M88: m_company | W88: phone_number3
B89: 6 | D89: 代表者役職名 | M89: m_company | W89: representative_post
B90: 7 | D90: 代表者氏名 | M90: m_company | W90: representative_name
B91: 助成金情報 ※助成金情報表示ボタン「＋」押下時に以下を表示
B92: 8 | D92: 資本額 | M92: m_company | W92: capital
B93: 9 | D93: 社員数 | M93: m_company | W93: worker_amount
B94: 10 | D94: 始業時間 | M94: m_company | W94: work_start_time
B95: 11 | D95: 終業時間 | M95: m_company | W95: work_end_time
B96: 12 | D96: 休憩開始時間 | M96: m_company | W96: rest_start_time
B97: 13 | D97: 休憩終了時間 | M97: m_company | W97: rest_end_time
B98: 14 | D98: 休日 | M98: m_company | W98: holiday
B99: 15 | D99: 申請担当者電話番号 | M99: m_company | W99: subsidy_phone_number1 | AF99: 「申請担当者電話番号1」－「申請担当者電話番号2」－「申請担当者電話番号3」
M100: m_company | W100: subsidy_phone_number2
M101: m_company | W101: subsidy_phone_number3
B102: 16 | D102: 労働局都道府県 | M102: m_company | W102: prefecture
B103: コース情報
B104: 17 | D104: コース名 | M104: m_course | W104: course_name
B105: 18 | D105: 開講日 | M105: m_course | W105: open_time | AF105: yyyy年M月d日
B106: 19 | D106: 閉講日 | M106: m_course | W106: close_time | AF106: yyyy年M月d日
B107: 20 | D107: 受講人数 | M107: m_lms_user | AF107: コース、企業に紐づく受講生数を集計する
B108: （次のページへ続く）
B110: （前ページからの続き）
B111: No | D111: 項目名 | M111: データ元 | AF111: 備考
M112: テーブル名 | W112: フィールド
B113: 見積もり情報
B114: 21 | D114: コース名 | M114: m_course | W114: course_name
B115: 22 | D115: 請求月 | M115: t_estimate | W115: billing_month
B116: 23 | D116: 見積もり額 | M116: t_estimate_detail | W116: price | AF116: ###,###円
AF117: コース、企業、請求月に紐づく見積もり額を集計する
B118: 24 | D118: 見積もり額／人 | M118: - | W118: - | AF118: ###,###円
AF119: 「見積もり額」を「受講人数」で除算し算出する
B120: 受講生一覧
B121: 25 | D121: 受講生状態 | M121: - | W121: - | AF121: 「開講日」 ＞ 現在日付：研修受講前
AF122: 「開講日」 ≦ 現在日付 ≦ 「閉講日」：開講中
AF123: 「閉講日」 ＜ 現在日付：研修修了
B124: 26 | D124: コース名 | M124: m_course | W124: course_name
B125: 27 | D125: 受講生名 | M125: m_user | W125: user_name
B126: 28 | D126: 会場名 | M126: m_place | W126: place_name | AF126: 「会場名」＋「（備考）」
M127: m_place | W127: place_note
B128: 29 | D128: 使用する助成金 | M128: m_subsidy_category | W128: subsidy_category_name | AF128: 未登録の場合：※登録されていません
B130: ◆『基本情報･助成金情報編集』ボタン押下時
B132: 入力仕様
B133: No | D133: 項目名 | J133: 物理名 | P133: コントロール | V133: 必須 | X133: 桁数 | AA133: 最小値 | AD133: 最大値 | AG133: 属性 | AQ133: 備考
B134: 1 | D134: 基本情報･助成金情報編集 | J134: - | P134: 送信ボタン | V134: - | X134: - | AA134: - | AD134: - | AG134: /subsidy/company/update
B136: ◆『会場変更』ボタン押下時
B138: 入力仕様
B139: No | D139: 項目名 | J139: 物理名 | P139: コントロール | V139: 必須 | X139: 桁数 | AA139: 最小値 | AD139: 最大値 | AG139: 属性 | AQ139: 備考
B140: 1 | D140: 会場変更 | J140: - | P140: リンク | V140: - | X140: - | AA140: - | AD140: - | AG140: /assign/spreadsheet
B142: ◆『編集』ボタン押下時
B144: 入力仕様
B145: No | D145: 項目名 | J145: 物理名 | P145: コントロール | V145: 必須 | X145: 桁数 | AA145: 最小値 | AD145: 最大値 | AG145: 属性 | AQ145: 備考
B146: 1 | D146: 企業ID | J146: companyId | P146: hidden | V146: ○ | X146: - | AA146: - | AD146: - | AG146: 半角数字
B147: 2 | D147: コースID | J147: courseId | P147: hidden | V147: ○ | X147: - | AA147: - | AD147: - | AG147: 半角数字
B148: 3 | D148: 編集 | J148: - | P148: リンク | V148: - | X148: - | AA148: - | AD148: - | AG148: /estimate/update
B150: その他 入力仕様
B151: No | D151: 項目名 | J151: エラー条件 | W151: 挙動 | AJ151: エラー文
B152: 1 | D152: LMSユーザID | J152: コースIDと企業IDと一致する見積もり情報が無い場合 | W152: 不正アクセス画面に遷移する | AJ152: -
D153: コースID
B155: ◆受講生名のリンク押下時
B157: 入力仕様
B158: No | D158: 項目名 | J158: 物理名 | P158: コントロール | V158: 必須 | X158: 桁数 | AA158: 最小値 | AD158: 最大値 | AG158: 属性 | AQ158: 備考
B159: 1 | D159: LMSユーザID | J159: lmsUserId | P159: hidden | V159: ○ | X159: - | AA159: - | AD159: - | AG159: 半角数字
B160: 2 | D160: {ユーザー名} | J160: - | P160: リンク | V160: - | X160: - | AA160: - | AD160: - | AG160: /user/detail
B162: その他 入力仕様
B163: No | D163: 項目名 | J163: エラー条件 | W163: 挙動 | AJ163: エラー文
B164: 1 | D164: LMSユーザID | J164: ユーザーが存在しない場合 | W164: 不正アクセス画面に遷移する | AJ164: -
B166: ◆『送付状出力』ボタン押下時
B168: 入力仕様
B169: No | D169: 項目名 | J169: 物理名 | P169: コントロール | V169: 必須 | X169: 桁数 | AA169: 最小値 | AD169: 最大値 | AG169: 属性 | AQ169: 備考
B170: 1 | D170: 企業ID | J170: companyId | P170: hidden | V170: ○ | X170: - | AA170: - | AD170: - | AG170: 半角数字
B172: その他仕様
B173: ダウンロード機能
B174: No | D174: テンプレート ファイル形式 | J174: 出力タイプ | O174: 出力ファイル名 | V174: 出力シート名 | AB174: 出力項目 | AM174: 備考
B176: 1 | D176: excel | J176: - | O176: 送付状_企業名 | V176: 送付状 | AB176: 「帳票設計書_送付状出力機能.xlsx」を参照
B177: ※シート『フォーマット』が存在しない場合、データを出力しない。

Sheet 企業情報編集画面
A1: プロジェクト名 | J1: システム名 | R1: =表紙!S12 -> 画面レイアウト設計書 | AJ1: 作成者 | AO1: 作成日 | AT1: 更新者 | AY1: 更新日
A2: =表紙!O9 -> 助成金書類DL機能のユーザビリティ向上プロジェクト | J2: =表紙!O10 -> LMS学習管理システム | R2: =RIGHT(CELL("filename",A1),LEN(CELL("filename",A1))-FIND("]",CELL("filename",A1))) -> 企業情報編集画面 | AJ2: 本松 | AO2: 42684 | AT2: 櫻井 | AY2: 43027
B6: 画面イメージ
C7: ◆初期表示、助成金情報表示時 | AC7: ◆助成金情報非表示時
AC28: ◆変更するボタン押下時の確認ダイアログ（企業担当者のみ）
B41: 出力仕様
B42: No | D42: 項目名 | M42: データ元 | AF42: 備考
M43: テーブル名 | W43: フィールド
B44: 基本情報
B45: 1 | D45: 企業名 | M45: m_company | W45: company_name | AF45: プレースホルダ：例）カブシキガイシャシステムシェアード
B46: 2 | D46: 企業名（カナ） | M46: m_company | W46: company_name_kana
B47: 3 | D47: 郵便番号 | M47: m_company | W47: post_number1 | AF47: 「郵便番号1」－「郵便番号2」
M48: m_company | W48: post_number2
B49: 4 | D49: 企業所在地 | M49: m_company | W49: address | AF49: プレースホルダ：例）東京都台東区台東１－６－４ タカラビル６Ｆ
B50: 5 | D50: 電話番号 | M50: m_company | W50: phone_number1 | AF50: 「電話番号1」－「電話番号2」－「電話番号3」
M51: m_company | W51: phone_number2
M52: m_company | W52: phone_number3
B53: 6 | D53: 代表者役職名 | M53: m_company | W53: representative_post | AF53: プレースホルダ：例）代表取締役
B54: 7 | D54: 代表者氏名 | M54: m_company | W54: representative_name | AF54: プレースホルダ：例）山田 太郎
B55: 8 | D55: 助成金の活用 | M55: - | W55: - | AF55: 「活用します」を選択時、助成金情報を表示（初期値）
AF56: 「活用しません」を選択時、助成金情報を非表示
B57: 助成金情報 ※「助成金の活用」選択で、「活用します」を選択時に以下を表示
B58: 9 | D58: 資本額 | M58: m_company | W58: capital | AF58: プレースホルダ：例）1000
B59: 10 | D59: 社員数 | M59: m_company | W59: worker_amount | AF59: プレースホルダ：例）100
B60: 11 | D60: 始業時間 | M60: m_company | W60: work_start_time | AF60: プレースホルダ：例）9:00
B61: 12 | D61: 終業時間 | M61: m_company | W61: work_end_time | AF61: プレースホルダ：例）18:00
B62: 13 | D62: 休憩開始時間 | M62: m_company | W62: rest_start_time | AF62: プレースホルダ：例）12:00
B63: 14 | D63: 休憩終了時間 | M63: m_company | W63: rest_end_time | AF63: プレースホルダ：例）13:00
B64: 15 | D64: 休日 | M64: m_company | W64: holiday | AF64: プレースホルダ：例）週休2日（毎週土、日曜日）
B65: 16 | D65: 申請担当者電話番号 | M65: m_company | W65: subsidy_phone_number1 | AF65: 「申請担当者電話番号1」－「申請担当者電話番号2」－「申請担当者電話番号3」
M66: m_company | W66: subsidy_phone_number2
M67: m_company | W67: subsidy_phone_number3
B68: 17 | D68: 労働局都道府県 | M68: m_company | W68: prefecture
B77: ◆「変更する」ボタン押下時
B79: 入力仕様
B80: No | D80: 項目名 | J80: 物理名 | P80: コントロール | V80: 必須 | X80: 桁数 | AA80: 最小値 | AD80: 最大値 | AG80: IME | AI80: 属性 | AQ80: 備考
B81: 基本情報
B82: 1 | D82: 企業ID | J82: companyId | P82: hidden | V82: ○ | X82: - | AA82: - | AD82: - | AG82: - | AI82: 半角数字 | AQ82: 管理者のみ
B83: 2 | D83: 企業名 | J83: companyName | P83: テキストボックス | V83: ○ | X83: 50 | AA83: - | AD83: - | AG83: on | AI83: 全角文字
B84: 3 | D84: 企業名（カナ） | J84: companyNameKana | P84: テキストボックス | V84: ○ | X84: 100 | AA84: - | AD84: - | AG84: on | AI84: 全角文字
B85: 4 | D85: 郵便番号 | J85: postNumber1 | P85: テキストボックス | V85: ○ | X85: 3 | AA85: - | AD85: - | AG85: off | AI85: 半角数字 | AQ85: 3桁の場合以外はエラーとする
B86: 5 | J86: postNumber2 | P86: テキストボックス | V86: ○ | X86: 4 | AA86: - | AD86: - | AG86: off | AI86: 半角数字 | AQ86: 4桁の場合以外はエラーとする
B87: 6 | D87: 企業所在地 | J87: address | P87: テキストボックス | V87: ○ | X87: 100 | AA87: - | AD87: - | AG87: on | AI87: 全角文字
B88: 7 | D88: 電話番号 | J88: phoneNumber1 | P88: テキストボックス | V88: ○ | X88: 5 | AA88: - | AD88: - | AG88: off | AI88: 半角数字
B89: 8 | J89: phoneNumber2 | P89: テキストボックス | V89: ○ | X89: 4 | AA89: - | AD89: - | AG89: off | AI89: 半角数字
B90: 9 | J90: phoneNumber3 | P90: テキストボックス | V90: ○ | X90: 4 | AA90: - | AD90: - | AG90: off | AI90: 半角数字
B91: 10 | D91: 代表者役職名 | J91: representativePost | P91: テキストボックス | V91: ○ | X91: 100 | AA91: - | AD91: - | AG91: on | AI91: 全角文字
B92: 11 | D92: 代表者氏名 | J92: representativeName | P92: テキストボックス | V92: ○ | X92: 100 | AA92: - | AD92: - | AG92: on | AI92: 全角文字
B93: 12 | D93: 助成金の活用 | J93: subsidyUse | P93: セレクトボックス | V93: ○ | X93: - | AA93: - | AD93: - | AG93: - | AI93: -
B94: 助成金情報
B95: 13 | D95: 資本額 | J95: capital | P95: テキストボックス | V95: ※1 | X95: 8 | AA95: 0 | AD95: - | AG95: off | AI95: 半角数字
B96: 14 | D96: 社員数 | J96: workerAmount | P96: テキストボックス | V96: ※1 | X96: 4 | AA96: 0 | AD96: - | AG96: off | AI96: 半角数字
B97: 15 | D97: 始業時間 | J97: workStartTime | P97: テキストボックス | V97: ※1 | X97: 5 | AA97: - | AD97: - | AG97: off | AI97: 半角数字記号
B98: 16 | D98: 終業時間 | J98: workEndTime | P98: テキストボックス | V98: ※1 | X98: 5 | AA98: - | AD98: - | AG98: off | AI98: 半角数字記号
B99: 17 | D99: 休憩開始時間 | J99: restStartTime | P99: テキストボックス | V99: ※1 | X99: 5 | AA99: - | AD99: - | AG99: off | AI99: 半角数字記号
B100: 18 | D100: 休憩終了時間 | J100: restEndTime | P100: テキストボックス | V100: ※1 | X100: 5 | AA100: - | AD100: - | AG100: off | AI100: 半角数字記号
B101: 19 | D101: 休日 | J101: holiday | P101: テキストエリア | V101: ※1 | X101: 500 | AA101: - | AD101: - | AG101: on | AI101: 全角文字
B102: 20 | D102: 担当電話番号 | J102: subsidyPhoneNumber1 | P102: テキストボックス | V102: ※1 | X102: 5 | AA102: - | AD102: - | AG102: off | AI102: 半角数字
B103: 21 | J103: subsidyPhoneNumber2 | P103: テキストボックス | V103: ※1 | X103: 4 | AA103: - | AD103: - | AG103: off | AI103: 半角数字
B104: 22 | J104: subsidyPhoneNumber3 | P104: テキストボックス | V104: ※1 | X104: 4 | AA104: - | AD104: - | AG104: off | AI104: 半角数字
B105: 23 | D105: 労働局都道府県 | J105: prefecture | P105: セレクトボックス | V105: ※1 | X105: - | AA105: - | AD105: - | AG105: - | AI105: -
B106: 24 | D106: 変更する | J106: - | P106: 送信ボタン | V106: - | X106: - | AA106: - | AD106: - | AG106: - | AI106: /students/regist | AQ106: 受講生登録処理へ遷移
AI107: /subsidy/company/update/complete | AQ107: 企業情報画面へ遷移
B109: ※1 助成金の活用で「活用します」を選択時は入力必須、「活用しません」を選択時は入力不要
B113: その他 入力仕様
B114: No | D114: 項目名 | J114: エラー条件 | W114: 挙動 | AJ114: エラー文
B115: 1 | D115: 企業ID | J115: 企業マスタに存在しない場合 | W115: 不正アクセス画面に遷移する | AJ115: -
B116: 2 | D116: 電話番号1 | J116: 「電話番号1」「電話番号2」「電話番号3」の合計桁数が | W116: エラーメッセージを表示 | AJ116: 電話番号は合計桁数が10桁、または11桁で入力してください。
B117: 3 | D117: 電話番号2 | J117: 10桁または11桁でない場合
B118: 4 | D118: 電話番号3
B119: 5 | D119: 始業時間 | J119: 「00:00」の形式でない場合 | W119: エラーメッセージを表示 | AJ119: 始業時刻が不正です。
B120: 6 | D120: 終業時間 | J120: 「00:00」の形式でない場合 | W120: エラーメッセージを表示 | AJ120: 終業時刻が不正です。
J121: 始業時間より前の場合 | W121: エラーメッセージを表示 | AJ121: 終業時刻は始業時刻より未来の時刻です。
J122: 休憩開始時間より前の場合 | W122: エラーメッセージを表示 | AJ122: 終業時刻は休憩開始時刻より未来の時刻です。
J123: 休憩終了時間より前の場合 | W123: エラーメッセージを表示 | AJ123: 終業時刻は休憩終了時刻より未来の時刻です。
B124: 7 | D124: 休憩開始時間 | J124: 「00:00」の形式でない場合 | W124: エラーメッセージを表示 | AJ124: 休憩開始時間が不正です。
J125: 始業時間より前の場合 | W125: エラーメッセージを表示 | AJ125: 休憩開始時刻は始業時刻より未来の時刻です。
B126: 8 | D126: 休憩終了時間 | J126: 「00:00」の形式でない場合 | W126: エラーメッセージを表示 | AJ126: 休憩終了時間が不正です。
J127: 始業時間より前の場合 | W127: エラーメッセージを表示 | AJ127: 休憩終了時刻は始業時刻より未来の時刻です。
J128: 休憩開始時間より前の場合 | W128: エラーメッセージを表示 | AJ128: 休憩終了時刻は休憩開始時刻より未来の時刻です。
B129: 9 | D129: 申請者電話番号1 | J129: 「申請担当電話番号1」「申請担当電話番号2」「申請担当 | W129: エラーメッセージを表示 | AJ129: 申請者担当電話番号は合計桁数が10桁、または11桁で入力してください。
B130: 10 | D130: 申請者電話番号2 | J130: 電話番号3」の合計桁数が10桁または11桁でない場合
B131: 11 | D131: 申請者電話番号3
B133: データベース 更新
B134: No | D134: 名称 | M134: テーブル名(物理名） | W134: カラム名(物理名） | AF134: 備考
B135: 基本情報
B136: 1 | D136: 企業名 | M136: m_company | W136: company_name
B137: 2 | D137: 企業名（カナ） | M137: m_company | W137: company_name_kana
B138: 3 | D138: 郵便番号1 | M138: m_company | W138: post_number1
B139: 4 | D139: 郵便番号2 | M139: m_company | W139: post_number2
B140: 5 | D140: 所在地 | M140: m_company | W140: address
B141: 6 | D141: 電話番号1 | M141: m_company | W141: phone_number1
B142: 7 | D142: 電話番号2 | M142: m_company | W142: phone_number2
B143: 8 | D143: 電話番号3 | M143: m_company | W143: phone_number3
B144: 9 | D144: 代表者役職名 | M144: m_company | W144: representative_post
B145: 10 | D145: 代表者氏名 | M145: m_company | W145: representative_name
B146: （次のページへ続く）
B149: （前ページからの続き）
B150: No | D150: 名称 | M150: テーブル名(物理名） | W150: カラム名(物理名） | AF150: 備考
B151: 助成金情報
...

Sheet 企業登録画面
A1: プロジェクト名 | J1: システム名 | R1: =表紙!S12 -> 画面レイアウト設計書 | AJ1: 作成者 | AO1: 作成日 | AT1: 更新者 | AY1: 更新日
A2: =表紙!O9 -> 助成金書類DL機能のユーザビリティ向上プロジェクト | J2: =表紙!O10 -> LMS学習管理システム | R2: =RIGHT(CELL("filename",A1),LEN(CELL("filename",A1))-FIND("]",CELL("filename",A1))) -> 企業登録画面 | AJ2: 櫻井 | AO2: 42660
B6: 画面イメージ
B40: 入力仕様
B41: No | D41: 項目名 | J41: 物理名 | P41: コントロール | V41: 必須 | X41: 桁数 | AA41: 最小値 | AD41: 最大値 | AG41: IME | AI41: 属性 | AR41: 備考
B43: 1 | D43: 企業名 | J43: - | P43: テキストボックス | V43: - | X43: 50 | AA43: - | AD43: - | AG43: off | AI43: -
B44: 2 | D44: 始業時刻 | J44: - | P44: テキストボックス | V44: ※1 | AR44: ※就業時刻、休憩開始時刻、休憩終了時刻、休日のいずれかに値が入った場合は必須
B46: 3 | D46: 終業時刻 | J46: - | P46: テキストボックス | V46: ※1 | AR46: ※始業時刻、休憩開始時刻、休憩終了時刻、休日のいずれかに値が入った場合は必須
B48: 4 | D48: 休憩開始時刻 | J48: - | P48: テキストボックス | V48: ※1 | AR48: ※始業時刻、就業時刻、休憩終了時刻、休日のいずれかに値が入った場合は必須
B50: 5 | D50: 休憩終了時刻 | J50: - | P50: テキストボックス | V50: ※1 | AR50: ※始業時刻、就業時刻、休憩開始時刻、休日のいずれかに値が入った場合は必須
B52: 6 | D52: 休日 | J52: - | P52: テキストボックス | V52: ※1 | AR52: ※始業開始時刻、就業時刻、休憩開始時刻、休憩終了時刻のいずれかに値が入った場合は必須
B54: 7 | D54: 登録する | J54: - | P54: 送信ボタン | AI54: /company/regist

Sheet 企業変更画面
A1: プロジェクト名 | J1: システム名 | R1: =表紙!S12 -> 画面レイアウト設計書 | AJ1: 作成者 | AO1: 作成日 | AT1: 更新者 | AY1: 更新日
A2: =表紙!O9 -> 助成金書類DL機能のユーザビリティ向上プロジェクト | J2: =表紙!O10 -> LMS学習管理システム | R2: =RIGHT(CELL("filename",A1),LEN(CELL("filename",A1))-FIND("]",CELL("filename",A1))) -> 企業変更画面 | AJ2: 櫻井 | AO2: 42660
B6: 画面イメージ
B40: 入力仕様
B41: No | D41: 項目名 | J41: 物理名 | P41: コントロール | V41: 必須 | X41: 桁数 | AA41: 最小値 | AD41: 最大値 | AG41: IME | AI41: 属性 | AR41: 備考
B43: 1 | D43: 企業名 | J43: - | P43: テキストボックス | V43: - | X43: 50 | AA43: - | AD43: - | AG43: off | AI43: -
B44: 2 | D44: 始業時刻 | J44: - | P44: テキストボックス | V44: ※1 | AR44: ※就業時刻、休憩開始時刻、休憩終了時刻、休日のいずれかに値が入った場合は必須
B46: 3 | D46: 終業時刻 | J46: - | P46: テキストボックス | V46: ※1 | AR46: ※始業時刻、休憩開始時刻、休憩終了時刻、休日のいずれかに値が入った場合は必須
B48: 4 | D48: 休憩開始時刻 | J48: - | P48: テキストボックス | V48: ※1 | AR48: ※始業時刻、就業時刻、休憩終了時刻、休日のいずれかに値が入った場合は必須
B50: 5 | D50: 休憩終了時刻 | J50: - | P50: テキストボックス | V50: ※1 | AR50: ※始業時刻、就業時刻、休憩開始時刻、休日のいずれかに値が入った場合は必須
B52: 6 | D52: 休日 | J52: - | P52: テキストボックス | V52: ※1 | AR52: ※始業開始時刻、就業時刻、休憩開始時刻、休憩終了時刻のいずれかに値が入った場合は必須
B54: 7 | D54: 変更する | J54: - | P54: 送信ボタン | AI54: /company/regist
B57: 出力仕様
B58: No | D58: 項目名 | M58: データ元 | AF58: 備考
M59: テーブル名 | W59: フィールド
B60: 1 | D60: 企業名 | M60: m_company | W60: company_name | AF60: 初期値としてDBの情報を表示する。
B61: 2 | D61: 始業時刻 | M61: m_company | W61: work_start_time | AF61: 初期値としてDBの情報を表示する。
B62: 3 | D62: 終業時刻 | M62: m_company | W62: work_end_time | AF62: 初期値としてDBの情報を表示する。
B63: 4 | D63: 休憩開始時刻 | M63: m_company | W63: rest_start_time | AF63: 初期値としてDBの情報を表示する。
B64: 5 | D64: 休憩終了時刻 | M64: m_company | W64: rest_end_time | AF64: 初期値としてDBの情報を表示する。
B65: 6 | D65: 休日 | M65: m_company | W65: holiday | AF65: 初期値としてDBの情報を表示する。

Sheet 【補足】受講時間数
B1: 実訓練時間 | C1: 就業時間 | D1: 受講生出勤時刻 | E1: 受講時間
B2: （固定値） | C2: （企業ごとに設定） | D2: （受講生のタイムカード）
A4: 8
A6: 9
A8: 10
A10: 11
A12: 12
A14: 13
A16: 14
A18: 15
A20: 16
A22: 17
A24: 18
A26: 19
B40: 実訓練時間 | C40: 就業時間 | D40: 受講生出勤時刻 | E40: 受講時間
B41: （固定値） | C41: （企業ごとに設定） | D41: （受講生のタイムカード）
A43: 8
A45: 9
A47: 10
A49: 11
A51: 12
A53: 13
A55: 14
A57: 15
A59: 16
A61: 17
A63: 18
A65: 19
