Workbook
Name Excel_BuiltIn_Print_Area_3: #REF!
Name Excel_BuiltIn_Print_Area_3: #REF!
Name Excel_BuiltIn_Print_Area_3: #REF!
Name Excel_BuiltIn_Print_Area_3: #REF!
Name Excel_BuiltIn_Print_Area_3: #REF!
Name Excel_BuiltIn_Print_Area_3: #REF!
Name Excel_BuiltIn_Print_Area_3: #REF!
Name Excel_BuiltIn_Print_Area_3_3: #REF!
Name Excel_BuiltIn_Print_Area_3_3: #REF!
Name Excel_BuiltIn_Print_Area_3_3: #REF!
Name Excel_BuiltIn_Print_Area_3_3: #REF!
Name Excel_BuiltIn_Print_Area_3_3: #REF!
Name Excel_BuiltIn_Print_Area_3_3: #REF!
Name Excel_BuiltIn_Print_Area_3_3: #REF!
Name Excel_BuiltIn_Print_Area_3_4: #REF!
Name Excel_BuiltIn_Print_Area_3_4: #REF!
Name Excel_BuiltIn_Print_Area_3_4: #REF!
Name Excel_BuiltIn_Print_Area_3_4: #REF!
Name Excel_BuiltIn_Print_Area_3_4: #REF!
Name Excel_BuiltIn_Print_Area_3_4: #REF!
Name Excel_BuiltIn_Print_Area_3_4: #REF!
Name Excel_BuiltIn_Print_Titles_3: #REF!
Name Excel_BuiltIn_Print_Titles_3: #REF!
Name Excel_BuiltIn_Print_Titles_3: #REF!
Name Excel_BuiltIn_Print_Titles_3: #REF!
Name Excel_BuiltIn_Print_Titles_3: #REF!
Name Excel_BuiltIn_Print_Titles_3: #REF!
Name Excel_BuiltIn_Print_Titles_3: #REF!
Name Excel_BuiltIn_Print_Titles_3_3: #REF!
Name Excel_BuiltIn_Print_Titles_3_3: #REF!
Name Excel_BuiltIn_Print_Titles_3_3: #REF!
Name Excel_BuiltIn_Print_Titles_3_3: #REF!
Name Excel_BuiltIn_Print_Titles_3_3: #REF!
Name Excel_BuiltIn_Print_Titles_3_3: #REF!
Name Excel_BuiltIn_Print_Titles_3_3: #REF!
Name Excel_BuiltIn_Print_Titles_3_4: #REF!
Name Excel_BuiltIn_Print_Titles_3_4: #REF!
Name Excel_BuiltIn_Print_Titles_3_4: #REF!
Name Excel_BuiltIn_Print_Titles_3_4: #REF!
Name Excel_BuiltIn_Print_Titles_3_4: #REF!
Name Excel_BuiltIn_Print_Titles_3_4: #REF!
Name Excel_BuiltIn_Print_Titles_3_4: #REF!
Name Excel_BuiltIn_Print_Titles_6: #REF!
Name Excel_BuiltIn_Print_Titles_6: #REF!
Name Excel_BuiltIn_Print_Titles_6: #REF!
Name Excel_BuiltIn_Print_Titles_6: #REF!
Name Excel_BuiltIn_Print_Titles_6: #REF!
Name Excel_BuiltIn_Print_Titles_6: #REF!
Name Excel_BuiltIn_Print_Titles_6: #REF!
Name Excel_BuiltIn_Print_Titles_6_3: #REF!
Name Excel_BuiltIn_Print_Titles_6_3: #REF!
Name Excel_BuiltIn_Print_Titles_6_3: #REF!
Name Excel_BuiltIn_Print_Titles_6_3: #REF!
Name Excel_BuiltIn_Print_Titles_6_3: #REF!
Name Excel_BuiltIn_Print_Titles_6_3: #REF!
Name Excel_BuiltIn_Print_Titles_6_3: #REF!
Name Excel_BuiltIn_Print_Titles_6_4: #REF!
Name Excel_BuiltIn_Print_Titles_6_4: #REF!
Name Excel_BuiltIn_Print_Titles_6_4: #REF!
Name Excel_BuiltIn_Print_Titles_6_4: #REF!

Sheet 表紙
O9: 東京ITスクール事務システム化プロジェクトPh1
O10: LMS学習管理システム
S12: 画面レイアウト設計書
X17: 第0.1版 | AA17: 42668
U20: 作成者 | Z20: 審査者 | AE20: 承認者

Sheet 更新履歴
A2: プロジェクト名 | J2: システム名 | R2: =表紙!S12 -> 画面レイアウト設計書 | AJ2: 作成者 | AO2: 作成日 | AT2: 更新者 | AY2: 更新日
A3: =表紙!O9 -> 東京ITスクール事務システム化プロジェクトPh1 | J3: =表紙!O10 -> LMS学習管理システム | R3: 更新履歴 | AJ3: 髙尾 | AO3: 42668
A6: バージョン | J6: 日付 | R6: 章番号 | V6: 内容 | AT6: 作成者 / 更新者
A9: 0.1 | J9: 42660 | R9: 全て | V9: 新規作成 | AT9: 髙尾

Sheet ユーザー登録画面（企業担当者）
A2: プロジェクト名 | J2: システム名 | R2: =表紙!S12 -> 画面レイアウト設計書 | AJ2: 作成者 | AO2: 作成日 | AT2: 更新者 | AY2: 更新日
A3: =表紙!O9 -> 東京ITスクール事務システム化プロジェクトPh1 | J3: =表紙!O10 -> LMS学習管理システム | R3: ユーザー登録画面（企業担当者） | AJ3: 髙尾 | AO3: 42668
B7: 画面イメージ
B41: 入力仕様
B42: No | D42: 項目名 | J42: 物理名 | P42: コントロール | V42: 必須 | X42: 桁数 | AA42: 最小値 | AD42: 最大値 | AG42: IME | AI42: 属性 | AR42: 備考
B44: 1 | D44: 新規登録(企業担当者ユーザー) | P44: 送信ボタン | V44: - | X44: - | AA44: - | AD44: - | AG44: -
B45: 2 | D45: 新規登録(育成担当者ユーザー) | P45: 送信ボタン | V45: - | X45: - | AA45: - | AD45: - | AG45: -

Sheet 企業担当者者ユーザー登録（企業担当者）
A2: プロジェクト名 | J2: システム名 | R2: =表紙!S12 -> 画面レイアウト設計書 | AJ2: 作成者 | AO2: 作成日 | AT2: 更新者 | AY2: 更新日
A3: =表紙!O9 -> 東京ITスクール事務システム化プロジェクトPh1 | J3: =表紙!O10 -> LMS学習管理システム | R3: 企業担当者者ユーザー登録（企業担当者） | AJ3: 塩澤 | AO3: 42660
B7: 画面イメージ
B41: 入力仕様
B42: No | D42: 項目名 | J42: 物理名 | P42: コントロール | V42: 必須 | X42: 桁数 | AA42: 最小値 | AD42: 最大値 | AG42: IME | AI42: 属性 | AR42: 備考
B44: 1 | D44: ユーザー名 | J44: userName | P44: テキストボックス | V44: ○ | X44: 20 | AA44: - | AD44: - | AG44: on | AI44: 全角
B45: 2 | D45: ログインID | J45: loginId | P45: テキストボックス | V45: ○ | X45: 20 | AA45: - | AD45: - | AG45: off | AI45: 半角英数
B46: 3 | D46: 登録 | J46: - | P46: 送信ボタン | AA46: - | AD46: - | AG46: - | AI46: /user/regist/
B48: その他 入力仕様
B49: No | D49: 項目名 | J49: 備考
B51: 1 | D51: ログインID | J51: 5ケタ以下の場合エラーとする。
B52: 2 | D52: ログインID | J52: 既に登録されている場合、エラーとする。
B54: 出力仕様
B55: No | D55: 項目名 | M55: データ元 | AF55: 備考
M56: テーブル名 | W56: フィールド
B57: 1 | D57: 企業名 | M57: m_company | W57: company_name | AF57: ログインしているユーザーに紐づく企業のデータを出力
B59: ※登録処理については既存のユーザー登録で使用されている機能を使用する
B60: No | D60: 名称 | M60: 受け渡し | AJ60: 備考
M61: 項目 | V61: 方法
B62: 1 | D62: ログインID | M62: login_id | V62: 画面入力 | AJ62: -
B63: 2 | D63: パスワード | M63: password | V63: 自動生成したパスワードをハッシュ値化 | AJ63: -
B64: 3 | D64: ユーザー名 | M64: user_name | V64: 画面入力 | AJ64: -
B65: 4 | D65: ロール | M65: role | V65: 0003 | AJ65: 企業担当者
B66: 5 | D66: 企業ID | M66: company_id | V66: ログインしているユーザーに紐づく企業ID | AJ66: -

Sheet 育成担当者ユーザー登録（企業担当者）
A2: プロジェクト名 | J2: システム名 | R2: =表紙!S12 -> 画面レイアウト設計書 | AJ2: 作成者 | AO2: 作成日 | AT2: 更新者 | AY2: 更新日
A3: =表紙!O9 -> 東京ITスクール事務システム化プロジェクトPh1 | J3: =表紙!O10 -> LMS学習管理システム | R3: 育成担当者ユーザー登録（企業担当者） | AJ3: 塩澤 | AO3: 42660
B7: 画面イメージ
B41: 入力仕様
B42: No | D42: 項目名 | J42: 物理名 | P42: コントロール | V42: 必須 | X42: 桁数 | AA42: 最小値 | AD42: 最大値 | AG42: IME | AI42: 属性 | AR42: 備考
B44: 1 | D44: ユーザー名 | J44: userName | P44: テキストボックス | V44: ○ | X44: 20 | AA44: - | AD44: - | AG44: on | AI44: 全角
B45: 2 | D45: ログインID | J45: loginId | P45: テキストボックス | V45: ○ | X45: 20 | AA45: - | AD45: - | AG45: off | AI45: 半角英数
B46: 3 | D46: 登録 | J46: - | P46: 送信ボタン | AA46: - | AD46: - | AG46: - | AI46: /user/regist/
B48: その他 入力仕様
B49: No | D49: 項目名 | J49: 備考
B51: 1 | D51: ログインID | J51: 5ケタ以下の場合エラーとする。
B52: 1 | D52: ログインID | J52: 既に登録されている場合、エラーとする。
B54: 出力仕様
B55: No | D55: 項目名 | M55: データ元 | AF55: 備考
M56: テーブル名 | W56: フィールド
B57: 1 | D57: 企業名 | M57: m_company | W57: company_name | AF57: ログインしているユーザーに紐づく企業のデータを出力
B59: ※登録処理については既存のユーザー登録で使用されている機能を使用する
B60: No | D60: 名称 | M60: 受け渡し | AJ60: 備考
M61: 項目 | V61: 方法
B62: 1 | D62: ログインID | M62: login_id | V62: 画面入力 | AJ62: -
B63: 2 | D63: パスワード | M63: password | V63: 自動生成したパスワードをハッシュ値化 | AJ63: -
B64: 3 | D64: ユーザー名 | M64: user_name | V64: 画面入力 | AJ64: -
B65: 4 | D65: ロール | M65: role | V65: 0005 | AJ65: 育成担当者
B66: 5 | D66: 企業ID | M66: company_id | V66: ログインしているユーザーに紐づく企業ID | AJ66: -

Sheet ユーザー登録画面（管理者）
A2: プロジェクト名 | J2: システム名 | R2: =表紙!S12 -> 画面レイアウト設計書 | AJ2: 作成者 | AO2: 作成日 | AT2: 更新者 | AY2: 更新日
A3: =表紙!O9 -> 東京ITスクール事務システム化プロジェクトPh1 | J3: =表紙!O10 -> LMS学習管理システム | R3: ユーザー登録画面（企業担当者） | AJ3: 髙尾 | AO3: 42668
B7: 画面イメージ
B41: 入力仕様
B42: No | D42: 項目名 | J42: 物理名 | P42: コントロール | V42: 必須 | X42: 桁数 | AA42: 最小値 | AD42: 最大値 | AG42: IME | AI42: 属性 | AR42: 備考
B44: 1 | D44: 新規登録(講師ユーザー) | P44: 送信ボタン | V44: - | X44: - | AA44: - | AD44: - | AG44: -
B45: 2 | D45: CSV出力(講師ユーザー) | P45: 送信ボタン | V45: - | X45: - | AA45: - | AD45: - | AG45: -
B46: 3 | D46: 新規登録(企業担当者ユーザー) | P46: 送信ボタン | V46: - | X46: - | AA46: - | AD46: - | AG46: -
B47: 4 | D47: CSV出力(企業担当者ユーザー) | P47: 送信ボタン | V47: - | X47: - | AA47: - | AD47: - | AG47: -
B48: 5 | D48: 新規登録(育成担当者ユーザー) | P48: 送信ボタン | V48: - | X48: - | AA48: - | AD48: - | AG48: -
B49: 6 | D49: CSV出力(育成担当者ユーザー) | P49: 送信ボタン | V49: - | X49: - | AA49: - | AD49: - | AG49: -
B50: 7 | D50: 新規登録(育成担当者ユーザー) | P50: 送信ボタン | V50: - | X50: - | AA50: - | AD50: - | AG50: -

Sheet 育成担当者者ユーザー登録画面（管理者）
A2: プロジェクト名 | J2: システム名 | R2: =表紙!S12 -> 画面レイアウト設計書 | AJ2: 作成者 | AO2: 作成日 | AT2: 更新者 | AY2: 更新日
A3: =表紙!O9 -> 東京ITスクール事務システム化プロジェクトPh1 | J3: =表紙!O10 -> LMS学習管理システム | R3: 育成担当者者ユーザー登録（管理者） | AJ3: 髙尾 | AO3: 42675
B7: 画面イメージ
B41: 入力仕様
B42: No | D42: 項目名 | J42: 物理名 | P42: コントロール | V42: 必須 | X42: 桁数 | AA42: 最小値 | AD42: 最大値 | AG42: IME | AI42: 属性 | AR42: 備考
B44: 1 | D44: ユーザー名 | J44: userName | P44: テキストボックス | V44: ○ | X44: 20 | AA44: - | AD44: - | AG44: on | AI44: 全角
B45: 2 | D45: ログインID | J45: loginId | P45: テキストボックス | V45: ○ | X45: 20 | AA45: - | AD45: - | AG45: off | AI45: 半角英数
B46: 3 | D46: 企業ID | J46: companyId | P46: セレクトボックス | V46: ○ | X46: 50 | AA46: - | AD46: - | AG46: - | AI46: 半角数字
B47: 4 | D47: 登録 | J47: - | P47: 送信ボタン | AA47: - | AD47: - | AG47: - | AI47: /user/regist/
B49: その他 入力仕様
B50: No | D50: 項目名 | J50: 備考
B52: 1 | D52: ログインID | J52: 5ケタ以下の場合エラーとする。
B53: 2 | D53: ログインID | J53: 既に登録されている場合、エラーとする。
B55: 出力仕様
B56: No | D56: 項目名 | M56: データ元 | AF56: 備考
M57: テーブル名 | W57: フィールド
B58: 1 | D58: 企業名ID | M58: m_company | W58: company_id
B59: 2 | D59: 企業名 | M59: m_company | W59: company_name
B61: ※登録処理については既存のユーザー登録で使用されている機能を使用する
B62: No | D62: 名称 | M62: 受け渡し | AJ62: 備考
M63: 項目 | V63: 方法
B64: 1 | D64: ログインID | M64: login_id | V64: 画面入力 | AJ64: -
B65: 2 | D65: パスワード | M65: password | V65: 自動生成したパスワードをハッシュ値化 | AJ65: -
B66: 3 | D66: ユーザー名 | M66: user_name | V66: 画面入力 | AJ66: -
B67: 4 | D67: ロール | M67: role | V67: 0005 | AJ67: 育成担当者
B68: 5 | D68: 企業ID | M68: company_id | V68: ログインしているユーザーに紐づく企業ID | AJ68: -

Sheet 育成担当者者ユーザーCSVインポート（管理者）
A2: プロジェクト名 | J2: システム名 | R2: =表紙!S12 -> 画面レイアウト設計書 | AJ2: 作成者 | AO2: 作成日 | AT2: 更新者 | AY2: 更新日
A3: =表紙!O9 -> 東京ITスクール事務システム化プロジェクトPh1 | J3: =表紙!O10 -> LMS学習管理システム | R3: 育成担当者者ユーザーCSVインポート（管理者） | AJ3: 髙尾 | AO3: 42675
B7: ※画面なし
B41: 入力仕様
B42: No | D42: 項目名 | J42: 物理名 | P42: コントロール | V42: 必須 | X42: 桁数 | AA42: 最小値 | AD42: 最大値 | AG42: IME | AI42: 属性 | AR42: 備考
B44: 1 | D44: ユーザー名 | J44: userName | P44: - | V44: ○ | X44: 20 | AA44: - | AD44: - | AG44: - | AI44: 全角 | AR44: CSVによる入力
B45: 2 | D45: パスワード | J45: password | P45: - | V45: ○ | X45: 20 | AA45: - | AD45: - | AG45: - | AI45: パスワードポリシー | AR45: CSVによる入力
B46: 3 | D46: ログインID | J46: loginId | P46: - | V46: ○ | X46: 20 | AA46: - | AD46: - | AG46: - | AI46: 半角英数 | AR46: CSVによる入力
B47: 4 | D47: 企業ID | J47: companyId | P47: - | V47: ○ | X47: 50 | AA47: - | AD47: - | AG47: - | AI47: 半角数字 | AR47: CSVによる入力
B49: その他 入力仕様
B50: No | D50: 項目名 | J50: 備考
B52: 1 | D52: ログインID | J52: 5ケタ以下の場合エラーとする。
B53: 2 | D53: ログインID | J53: 既に登録されている場合、エラーとする。
B55: ※登録処理については既存のユーザー登録で使用されている機能を使用する
B56: No | D56: 名称 | M56: 受け渡し | AJ56: 備考
M57: 項目 | V57: 方法
B58: 1 | D58: ログインID | M58: login_id | V58: CSV入力 | AJ58: -
B59: 2 | D59: パスワード | M59: password | V59: 自動生成したパスワードをハッシュ値化 | AJ59: -
B60: 3 | D60: ユーザー名 | M60: user_name | V60: CSV入力 | AJ60: -
B61: 4 | D61: ロール | M61: role | V61: 0005 | AJ61: 育成担当者
B62: 5 | D62: 企業ID | M62: company_id | V62: ログインしているユーザーに紐づく企業ID | AJ62: -
