Workbook
Name Excel_BuiltIn_Print_Area_3: #REF!
Name Excel_BuiltIn_Print_Area_3_3: #REF!
Name Excel_BuiltIn_Print_Area_3_4: #REF!
Name Excel_BuiltIn_Print_Titles_3: #REF!
Name Excel_BuiltIn_Print_Titles_3_3: #REF!
Name Excel_BuiltIn_Print_Titles_3_4: #REF!
Name Excel_BuiltIn_Print_Titles_6: #REF!
Name Excel_BuiltIn_Print_Titles_6_3: #REF!
Name Excel_BuiltIn_Print_Titles_6_4: #REF!
Name Excel_BuiltIn_Print_Titles_7: [1]SW!#REF!
Name Excel_BuiltIn_Print_Titles_7: [1]SW!#REF!
Name Excel_BuiltIn_Print_Titles_7_3: [2]SW!#REF!
Name Excel_BuiltIn_Print_Titles_7_3: [2]SW!#REF!
Name Excel_BuiltIn_Print_Titles_7_4: [2]SW!#REF!
Name Excel_BuiltIn_Print_Titles_7_4: [2]SW!#REF!

Sheet 表紙
O8: LMS学習管理システム
O9: 13期12月対応
O10: 画面レイアウト設計書
S12: 機能一覧
X17: ="第"&TEXT(MAX(更新履歴!A8:J172),"#0.0")&"版" -> 第1.7版 | AA17: =MAX(更新履歴!K8:T172) -> 43759
U20: 作成者 | Z20: 審査者 | AE20: 承認者

Sheet 更新履歴
A1: プロジェクト名 | K1: システム名 | U1: =表紙!S12 -> 機能一覧 | AO1: 作成者 | AU1: 作成日 | BA1: 更新者 | BG1: 更新日
A2: =表紙!O9 -> 13期12月対応 | K2: =表紙!O8 -> LMS学習管理システム | U2: 更新履歴 | AO2: 櫻井 | AU2: 42907 | BA2: 髙橋大 | BG2: 43759
A5: バージョン | K5: 日付 | U5: 章番号 | Y5: 内容 | BA5: 作成者 / 更新者
A8: 1 | K8: 42907 | U8: 全て | Y8: 新規作成 | BA8: 櫻井
A11: 1.1 | K11: 43097 | U11: 機能一覧 | Y11: 【助成金書類DL機能のユーザビリティ向上 案件対応】 No151「助成金カテゴリ選択画面」は削除 No153「助成金コース・ユーザ選択画面」は削除 No152「助成金申請種別選択画面」の画面名を「助成金書類ダウンロード 申請種別選択画面」に変更 No154「助成金書類ダウンロード画面」の画面名を「助成金書類ダウンロード 出力対象選択画面」に変更 | BA11: 櫻井
A18: 1.2 | K18: 43412 | U18: 機能一覧 | Y18: 【コンテンツ管理 案件対応】 No.176、177を追加 | BA18: 櫻井
A21: 1.3 | K21: 43514 | U21: 機能一覧 | Y21: 【12期課題対応】 No.79 「勤怠一括登録画面」を追加 | BA21: 櫻井
A24: 1.4 | K24: 43651 | U24: 機能一覧 | Y24: 【12期課題対応】 No19 「レポート提出画面」の参照可能権限に、講師と管理者を追加 No13 「開講セット出力機能」を削除 No179「CSV出力機能」を追加 | BA24: 櫻井
A28: 1.5 | K28: 43669 | U28: 機能一覧 | Y28: 【12期課題対応】 No180 「エントリキャンセル機能」 No181 「質問サイト機能」 | BA28: 櫻井
A32: 1.6 | K32: 43676 | U32: 機能一覧 | Y32: 【マスタデータの表示制御機能】 No182 「データの表示制御機能」を追加 | BA32: 櫻井
A35: 1.7 | K35: 43759 | U35: 機能一覧 | Y35: 【13期12月対応】 No.24 評価レポート採点確認機能 似た行に追加 No.184 成果物登録機能 No.187 成果物採点機能 上記新規機能、画面を追加 | BA35: 髙橋大

Sheet 機能一覧
A1: プロジェクト名 | K1: システム名 | U1: =表紙!S12 -> 機能一覧 | AO1: 作成者 | AU1: 作成日 | BA1: 更新者 | BG1: 更新日
A2: =表紙!O9 -> 13期12月対応 | K2: =表紙!O8 -> LMS学習管理システム | U2: 機能一覧 | AO2: 櫻井 | AU2: 42907 | BA2: 髙橋大 | BG2: 43759
A5: No. | C5: 機能名 | W5: 画面名 | AL5: 機能詳細/備考 | BC5: 参照可能権限
BC6: 受 | BE6: 講 | BG6: 企 | BI6: 育 | BK6: 管
A7: =MAX(A$5:INDIRECT("A"&ROW()-1))+1 -> 1 | C7: ログイン機能 | W7: ログイン画面 | BC7: 〇 | BE7: 〇 | BG7: 〇 | BI7: 〇 | BK7: 〇
A8: =MAX(A$5:INDIRECT("A"&ROW()-1))+1 -> 2 | C8: パスワード再設定機能 | W8: パスワード再設定画面 | BC8: 〇 | BE8: 〇 | BG8: 〇 | BI8: 〇 | BK8: 〇
A9: =MAX(A$5:INDIRECT("A"&ROW()-1))+1 -> 3 | W9: パスワード再設定画面 | BC9: 〇 | BE9: 〇 | BG9: 〇 | BI9: 〇 | BK9: 〇
A10: =MAX(A$5:INDIRECT("A"&ROW()-1))+1 -> 4 | W10: パスワード再設定画面 | BC10: 〇 | BE10: 〇 | BG10: 〇 | BI10: 〇 | BK10: 〇
A11: =MAX(A$5:INDIRECT("A"&ROW()-1))+1 -> 5 | C11: 企業変更機能 | W11: 企業一覧画面 | BC11: × | BE11: × | BG11: × | BI11: × | BK11: 〇
A12: =MAX(A$5:INDIRECT("A"&ROW()-1))+1 -> 6 | C12: コース登録機能 | W12: コース一覧画面 | BC12: × | BE12: 〇 | BG12: × | BI12: × | BK12: 〇
A13: =MAX(A$5:INDIRECT("A"&ROW()-1))+1 -> 7 | W13: コース詳細画面 | BC13: 〇 | BE13: 〇 | BG13: × | BI13: × | BK13: 〇
A14: =MAX(A$5:INDIRECT("A"&ROW()-1))+1 -> 8 | W14: 通常コース登録画面 | BC14: × | BE14: × | BG14: × | BI14: × | BK14: 〇
A15: =MAX(A$5:INDIRECT("A"&ROW()-1))+1 -> 9 | W15: 通常コース登録(詳細)画面 | BC15: × | BE15: × | BG15: × | BI15: × | BK15: 〇
A16: =MAX(A$5:INDIRECT("A"&ROW()-1))+1 -> 10 | W16: コース概要変更画面 | BC16: × | BE16: × | BG16: × | BI16: × | BK16: 〇
A17: =MAX(A$5:INDIRECT("A"&ROW()-1))+1 -> 11 | W17: コース変更(詳細)画面 | BC17: × | BE17: × | BG17: × | BI17: × | BK17: 〇
A18: =MAX(A$5:INDIRECT("A"&ROW()-1))+1 -> 12 | W18: セクション詳細画面 | BC18: 〇 | BE18: 〇 | BG18: × | BI18: × | BK18: 〇
A19: =MAX(A$5:INDIRECT("A"&ROW()-1))+1 -> 13 | C19: 開講セット出力機能 | W19: 開講セット出力画面 | BC19: × | BE19: × | BG19: × | BI19: × | BK19: 〇
A20: =MAX(A$5:INDIRECT("A"&ROW()-1))+1 -> 14 | C20: レポートテンプレート登録機能 | W20: レポート一覧画面 | BC20: × | BE20: × | BG20: × | BI20: × | BK20: 〇
A21: =MAX(A$5:INDIRECT("A"&ROW()-1))+1 -> 15 | W21: レポートテンプレート登録画面 | BC21: × | BE21: × | BG21: × | BI21: × | BK21: 〇
A22: =MAX(A$5:INDIRECT("A"&ROW()-1))+1 -> 16 | W22: レポートテンプレート変更画面 | BC22: × | BE22: × | BG22: × | BI22: × | BK22: 〇
A23: =MAX(A$5:INDIRECT("A"&ROW()-1))+1 -> 17 | C23: レポート提出機能 | W23: レポート一覧画面 | BC23: × | BE23: 〇 | BG23: 〇 | BI23: 〇 | BK23: 〇
A24: =MAX(A$5:INDIRECT("A"&ROW()-1))+1 -> 18 | W24: レポート詳細画面 | BC24: 〇 | BE24: 〇 | BG24: 〇 | BI24: 〇 | BK24: 〇
A25: =MAX(A$5:INDIRECT("A"&ROW()-1))+1 -> 19 | W25: レポート提出画面 | BC25: 〇 | BE25: 〇 | BG25: × | BI25: × | BK25: 〇
A26: =MAX(A$5:INDIRECT("A"&ROW()-1))+1 -> 20 | C26: 評価レポートテンプレート登録機能 | W26: 評価レポート一覧画面 | BC26: × | BE26: × | BG26: × | BI26: × | BK26: 〇
A27: =MAX(A$5:INDIRECT("A"&ROW()-1))+1 -> 21 | W27: 評価レポート登録画面 | BC27: × | BE27: × | BG27: × | BI27: × | BK27: 〇
A28: =MAX(A$5:INDIRECT("A"&ROW()-1))+1 -> 22 | W28: 評価レポート変更画面 | BC28: × | BE28: × | BG28: × | BI28: × | BK28: 〇
A29: =MAX(A$5:INDIRECT("A"&ROW()-1))+1 -> 23 | C29: 評価レポート結果登録機能 | W29: 評価レポート結果登録画面 | BC29: × | BE29: 〇 | BG29: × | BI29: × | BK29: 〇
A30: =MAX(A$5:INDIRECT("A"&ROW()-1))+1 -> 24 | C30: 評価レポート採点確認機能 | W30: 評価レポート採点確認画面 | BC30: × | BE30: 〇 | BG30: × | BI30: × | BK30: 〇
A31: =MAX(A$5:INDIRECT("A"&ROW()-1))+1 -> 25 | C31: 評価レポート公開機能、評価レポートダウンロード機能 | W31: 評価レポート一覧画面 | BC31: × | BE31: × | BG31: × | BI31: × | BK31: 〇
A32: =MAX(A$5:INDIRECT("A"&ROW()-1))+1 -> 26 | C32: 試験問題登録機能 | W32: 試験カテゴリー一覧画面 | BC32: × | BE32: × | BG32: × | BI32: × | BK32: 〇
A33: =MAX(A$5:INDIRECT("A"&ROW()-1))+1 -> 27 | W33: 試験カテゴリー登録画面 | BC33: × | BE33: × | BG33: × | BI33: × | BK33: 〇
A34: =MAX(A$5:INDIRECT("A"&ROW()-1))+1 -> 28 | W34: 試験カテゴリー変更画面 | BC34: × | BE34: × | BG34: × | BI34: × | BK34: 〇
A35: =MAX(A$5:INDIRECT("A"&ROW()-1))+1 -> 29 | W35: 詳細試験カテゴリー登録画面 | BC35: × | BE35: × | BG35: × | BI35: × | BK35: 〇
A36: =MAX(A$5:INDIRECT("A"&ROW()-1))+1 -> 30 | W36: 詳細試験カテゴリー変更画面 | BC36: × | BE36: × | BG36: × | BI36: × | BK36: 〇
A37: =MAX(A$5:INDIRECT("A"&ROW()-1))+1 -> 31 | W37: 試験登録画面 | BC37: × | BE37: × | BG37: × | BI37: × | BK37: 〇
A38: =MAX(A$5:INDIRECT("A"&ROW()-1))+1 -> 32 | W38: 試験問題登録画面 | BC38: × | BE38: × | BG38: × | BI38: × | BK38: 〇
A39: =MAX(A$5:INDIRECT("A"&ROW()-1))+1 -> 33 | W39: 試験内容変更画面 | BC39: × | BE39: × | BG39: × | BI39: × | BK39: 〇
A40: =MAX(A$5:INDIRECT("A"&ROW()-1))+1 -> 34 | W40: 試験問題変更画面 | BC40: × | BE40: × | BG40: × | BI40: × | BK40: 〇
A41: =MAX(A$5:INDIRECT("A"&ROW()-1))+1 -> 35 | W41: 試験一覧画面 | BC41: × | BE41: 〇 | BG41: 〇 | BI41: 〇 | BK41: 〇
A42: =MAX(A$5:INDIRECT("A"&ROW()-1))+1 -> 36 | W42: 試験詳細画面 | BC42: 〇 | BE42: 〇 | BG42: 〇 | BI42: 〇 | BK42: 〇
A43: =MAX(A$5:INDIRECT("A"&ROW()-1))+1 -> 37 | C43: 試験実施機能 | W43: 試験開始画面 | BC43: 〇 | BE43: × | BG43: × | BI43: × | BK43: 〇
A44: =MAX(A$5:INDIRECT("A"&ROW()-1))+1 -> 38 | W44: 試験問題画面 | BC44: 〇 | BE44: × | BG44: × | BI44: × | BK44: 〇
A45: =MAX(A$5:INDIRECT("A"&ROW()-1))+1 -> 39 | W45: 試験回答確認画面 | BC45: 〇 | BE45: × | BG45: × | BI45: × | BK45: 〇
A46: =MAX(A$5:INDIRECT("A"&ROW()-1))+1 -> 40 | W46: 試験結果画面 | BC46: 〇 | BE46: × | BG46: × | BI46: × | BK46: 〇
A47: =MAX(A$5:INDIRECT("A"&ROW()-1))+1 -> 41 | W47: 試験結果一覧画面 | BC47: × | BE47: 〇 | BG47: 〇 | BI47: 〇 | BK47: 〇
A48: =MAX(A$5:INDIRECT("A"&ROW()-1))+1 -> 42 | W48: 試験結果詳細画面 | BC48: 〇 | BE48: 〇 | BG48: 〇 | BI48: 〇 | BK48: 〇
A49: =MAX(A$5:INDIRECT("A"&ROW()-1))+1 -> 43 | C49: 休暇日設定機能 | W49: 休暇日一覧画面 | BC49: × | BE49: × | BG49: × | BI49: × | BK49: 〇
A50: =MAX(A$5:INDIRECT("A"&ROW()-1))+1 -> 44 | C50: お知らせ登録機能 | W50: お知らせ画面 | BC50: × | BE50: × | BG50: × | BI50: × | BK50: 〇
A51: =MAX(A$5:INDIRECT("A"&ROW()-1))+1 -> 45 | W51: お知らせ変更画面 | BC51: × | BE51: × | BG51: × | BI51: × | BK51: 〇
A52: =MAX(A$5:INDIRECT("A"&ROW()-1))+1 -> 46 | W52: お知らせ履歴一覧 | BC52: × | BE52: × | BG52: × | BI52: × | BK52: 〇
A53: =MAX(A$5:INDIRECT("A"&ROW()-1))+1 -> 47 | C53: 面談テンプレート登録機能 | W53: 面談テンプレートファイル一覧画面 | BC53: × | BE53: × | BG53: × | BI53: × | BK53: 〇
A54: =MAX(A$5:INDIRECT("A"&ROW()-1))+1 -> 48 | W54: 面談テンプレート登録画面 | BC54: × | BE54: × | BG54: × | BI54: × | BK54: 〇
A55: =MAX(A$5:INDIRECT("A"&ROW()-1))+1 -> 49 | W55: 面談テンプレート変更画面 | BC55: × | BE55: × | BG55: × | BI55: × | BK55: 〇
A56: =MAX(A$5:INDIRECT("A"&ROW()-1))+1 -> 50 | C56: 面談記録登録機能 | W56: 面談記録登録画面 | BC56: × | BE56: 〇 | BG56: × | BI56: × | BK56: 〇
A57: =MAX(A$5:INDIRECT("A"&ROW()-1))+1 -> 51 | W57: 面談記録変更画面 | BC57: × | BE57: 〇 | BG57: × | BI57: × | BK57: 〇
A58: =MAX(A$5:INDIRECT("A"&ROW()-1))+1 -> 52 | C58: 会場登録機能 | W58: 会場一覧画面 | BC58: × | BE58: × | BG58: × | BI58: × | BK58: 〇
A59: =MAX(A$5:INDIRECT("A"&ROW()-1))+1 -> 53 | W59: 会場登録画面 | BC59: × | BE59: × | BG59: × | BI59: × | BK59: 〇
A60: =MAX(A$5:INDIRECT("A"&ROW()-1))+1 -> 54 | W60: 会場変更画面 | BC60: × | BE60: × | BG60: × | BI60: × | BK60: 〇
A61: =MAX(A$5:INDIRECT("A"&ROW()-1))+1 -> 55 | W61: 会場データインポート画面 | BC61: × | BE61: × | BG61: × | BI61: × | BK61: 〇
A62: =MAX(A$5:INDIRECT("A"&ROW()-1))+1 -> 56 | C62: 改修履歴登録機能 | W62: 改修履歴一覧画面 | BC62: × | BE62: × | BG62: × | BI62: × | BK62: 〇
A63: =MAX(A$5:INDIRECT("A"&ROW()-1))+1 -> 57 | W63: 改修新規登録画面 | BC63: × | BE63: × | BG63: × | BI63: × | BK63: 〇
A64: =MAX(A$5:INDIRECT("A"&ROW()-1))+1 -> 58 | W64: 改修内容変更画面 | BC64: × | BE64: × | BG64: × | BI64: × | BK64: 〇
A65: =MAX(A$5:INDIRECT("A"&ROW()-1))+1 -> 59 | C65: 利用規約同意機能 | W65: 利用規約画面 | BC65: 〇 | BE65: 〇 | BG65: 〇 | BI65: 〇 | BK65: ×
A66: =MAX(A$5:INDIRECT("A"&ROW()-1))+1 -> 60 | C66: パスワード再設定機能（企業担当者） | W66: パスワード変更画面 | BC66: 〇 | BE66: 〇 | BG66: 〇 | BI66: 〇 | BK66: 〇
A67: =MAX(A$5:INDIRECT("A"&ROW()-1))+1 -> 61 | W67: パスワード再発行画面 | BC67: × | BE67: 〇 | BG67: × | BI67: × | BK67: 〇
A68: =MAX(A$5:INDIRECT("A"&ROW()-1))+1 -> 62 | W68: パスワード変更画面 | BC68: 〇 | BE68: 〇 | BG68: 〇 | BI68: 〇 | BK68: 〇
A69: =MAX(A$5:INDIRECT("A"&ROW()-1))+1 -> 63 | C69: ユーザ登録機能 | W69: ユーザー詳細画面 | BC69: 〇 | BE69: 〇 | BG69: 〇 | BI69: 〇 | BK69: 〇
A70: =MAX(A$5:INDIRECT("A"&ROW()-1))+1 -> 64 | W70: ユーザー一覧画面 | BC70: × | BE70: 〇 | BG70: 〇 | BI70: 〇 | BK70: 〇
A71: =MAX(A$5:INDIRECT("A"&ROW()-1))+1 -> 65 | W71: マイアカウント画面 | BC71: × | BE71: 〇 | BG71: 〇 | BI71: 〇 | BK71: ×
A72: =MAX(A$5:INDIRECT("A"&ROW()-1))+1 -> 66 | W72: ユーザー登録画面 | BC72: × | BE72: × | BG72: 〇 | BI72: 〇 | BK72: 〇
A73: =MAX(A$5:INDIRECT("A"&ROW()-1))+1 -> 67 | W73: ユーザー登録画面 | BC73: × | BE73: × | BG73: 〇 | BI73: 〇 | BK73: 〇
A74: =MAX(A$5:INDIRECT("A"&ROW()-1))+1 -> 68 | W74: ユーザー変更画面 | BC74: × | BE74: × | BG74: 〇 | BI74: × | BK74: 〇
A75: =MAX(A$5:INDIRECT("A"&ROW()-1))+1 -> 69 | C75: 動画登録機能 | W75: 動画一覧画面 | BC75: × | BE75: × | BG75: × | BI75: × | BK75: 〇
A76: =MAX(A$5:INDIRECT("A"&ROW()-1))+1 -> 70 | W76: 動画カテゴリー登録画面 | BC76: × | BE76: × | BG76: × | BI76: × | BK76: 〇
A77: =MAX(A$5:INDIRECT("A"&ROW()-1))+1 -> 71 | W77: 動画カテゴリー登録画面 | BC77: × | BE77: × | BG77: × | BI77: × | BK77: 〇
A78: =MAX(A$5:INDIRECT("A"&ROW()-1))+1 -> 72 | W78: 動画登録画面 | BC78: × | BE78: × | BG78: × | BI78: × | BK78: 〇
A79: =MAX(A$5:INDIRECT("A"&ROW()-1))+1 -> 73 | W79: 動画登録画面 | BC79: × | BE79: × | BG79: × | BI79: × | BK79: 〇
A80: =MAX(A$5:INDIRECT("A"&ROW()-1))+1 -> 74 | W80: 動画視聴画面 | BC80: 〇 | BE80: 〇 | BG80: × | BI80: × | BK80: 〇
A81: =MAX(A$5:INDIRECT("A"&ROW()-1))+1 -> 75 | C81: ヘルプ機能 | W81: ヘルプ画面 | BC81: 〇 | BE81: 〇 | BG81: 〇 | BI81: 〇 | BK81: 〇
A82: =MAX(A$5:INDIRECT("A"&ROW()-1))+1 -> 76 | C82: 勤怠情報登録機能 | W82: 勤怠情報確認（受講生一覧）画面 | BC82: × | BE82: 〇 | BG82: 〇 | BI82: 〇 | BK82: 〇
A83: =MAX(A$5:INDIRECT("A"&ROW()-1))+1 -> 77 | W83: 勤怠管理画面 | BC83: 〇 | BE83: × | BG83: 〇 | BI83: 〇 | BK83: ×
A84: =MAX(A$5:INDIRECT("A"&ROW()-1))+1 -> 78 | W84: 勤怠情報変更画面 | BC84: 〇 | BE84: 〇 | BG84: × | BI84: × | BK84: 〇
A85: =MAX(A$5:INDIRECT("A"&ROW()-1))+1 -> 79 | W85: 勤怠情報変更画面 | BC85: × | BE85: 〇 | BG85: × | BI85: × | BK85: 〇
A86: =MAX(A$5:INDIRECT("A"&ROW()-1))+1 -> 80 | W86: 勤怠一括登録画面 | BC86: × | BE86: 〇 | BG86: × | BI86: × | BK86: 〇
A87: =MAX(A$5:INDIRECT("A"&ROW()-1))+1 -> 81 | C87: ファイル共有機能 | W87: 共有フォルダ一覧画面 | BC87: × | BE87: × | BG87: × | BI87: × | BK87: 〇
A88: =MAX(A$5:INDIRECT("A"&ROW()-1))+1 -> 82 | W88: ファイル一覧画面 | BC88: 〇 | BE88: 〇 | BG88: 〇 | BI88: × | BK88: 〇
A89: =MAX(A$5:INDIRECT("A"&ROW()-1))+1 -> 83 | C89: エントリ確定機能 | W89: エントリ一覧画面 | BC89: × | BE89: × | BG89: × | BI89: × | BK89: 〇
A90: =MAX(A$5:INDIRECT("A"&ROW()-1))+1 -> 84 | W90: エントリー情報編集画面 | BC90: × | BE90: × | BG90: × | BI90: × | BK90: 〇
A91: =MAX(A$5:INDIRECT("A"&ROW()-1))+1 -> 85 | W91: 企業紐付け(エントリー情報確定)画面 | BC91: × | BE91: × | BG91: × | BI91: × | BK91: 〇
A92: =MAX(A$5:INDIRECT("A"&ROW()-1))+1 -> 86 | W92: 企業新規登録(エントリー情報確定)画面 | BC92: × | BE92: × | BG92: × | BI92: × | BK92: 〇
A93: =MAX(A$5:INDIRECT("A"&ROW()-1))+1 -> 87 | W93: 企業担当者紐付け(エントリー情報確定)画面 | BC93: × | BE93: × | BG93: × | BI93: × | BK93: 〇
A94: =MAX(A$5:INDIRECT("A"&ROW()-1))+1 -> 88 | W94: 企業担当者新規登録(エントリー情報確定)画面 | BC94: × | BE94: × | BG94: × | BI94: × | BK94: 〇
A95: =MAX(A$5:INDIRECT("A"&ROW()-1))+1 -> 89 | W95: コース紐付け画面 | BC95: × | BE95: × | BG95: × | BI95: × | BK95: 〇
A96: =MAX(A$5:INDIRECT("A"&ROW()-1))+1 -> 90 | W96: 会場アサイン登録画面 | BC96: × | BE96: × | BG96: × | BI96: × | BK96: 〇
A97: =MAX(A$5:INDIRECT("A"&ROW()-1))+1 -> 91 | W97: 会場選択画面 | BC97: × | BE97: × | BG97: × | BI97: × | BK97: 〇
A98: =MAX(A$5:INDIRECT("A"&ROW()-1))+1 -> 92 | W98: 見積もり情報登録画面 | BC98: × | BE98: × | BG98: × | BI98: × | BK98: 〇
A99: =MAX(A$5:INDIRECT("A"&ROW()-1))+1 -> 93 | W99: エントリー確定情報画面 | BC99: × | BE99: × | BG99: × | BI99: × | BK99: 〇
A100: =MAX(A$5:INDIRECT("A"&ROW()-1))+1 -> 94 | W100: 送信メール確認画面 | BC100: × | BE100: × | BG100: × | BI100: × | BK100: 〇
A101: =MAX(A$5:INDIRECT("A"&ROW()-1))+1 -> 95 | W101: メール一斉送信 | BC101: × | BE101: × | BG101: × | BI101: × | BK101: 〇
A102: =MAX(A$5:INDIRECT("A"&ROW()-1))+1 -> 96 | C102: 会場アサイン機能 | W102: 会場アサイン集計表画面 | BC102: × | BE102: × | BG102: × | BI102: × | BK102: 〇
...

Sheet data
A1: 参照可能権限
A3: 〇
A4: ×
