Workbook
Name Excel_BuiltIn_Print_Area_3: #REF!
Name Excel_BuiltIn_Print_Area_3: #REF!
Name Excel_BuiltIn_Print_Area_3: #REF!
Name Excel_BuiltIn_Print_Area_3: #REF!
Name Excel_BuiltIn_Print_Area_3: #REF!
Name Excel_BuiltIn_Print_Area_3: #REF!
Name Excel_BuiltIn_Print_Area_3_3: #REF!
Name Excel_BuiltIn_Print_Area_3_3: #REF!
Name Excel_BuiltIn_Print_Area_3_3: #REF!
Name Excel_BuiltIn_Print_Area_3_3: #REF!
Name Excel_BuiltIn_Print_Area_3_3: #REF!
Name Excel_BuiltIn_Print_Area_3_3: #REF!
Name Excel_BuiltIn_Print_Area_3_4: #REF!
Name Excel_BuiltIn_Print_Area_3_4: #REF!
Name Excel_BuiltIn_Print_Area_3_4: #REF!
Name Excel_BuiltIn_Print_Area_3_4: #REF!
Name Excel_BuiltIn_Print_Area_3_4: #REF!
Name Excel_BuiltIn_Print_Area_3_4: #REF!
Name Excel_BuiltIn_Print_Titles_3: #REF!
Name Excel_BuiltIn_Print_Titles_3: #REF!
Name Excel_BuiltIn_Print_Titles_3: #REF!
Name Excel_BuiltIn_Print_Titles_3: #REF!
Name Excel_BuiltIn_Print_Titles_3: #REF!
Name Excel_BuiltIn_Print_Titles_3: #REF!
Name Excel_BuiltIn_Print_Titles_3_3: #REF!
Name Excel_BuiltIn_Print_Titles_3_3: #REF!
Name Excel_BuiltIn_Print_Titles_3_3: #REF!
Name Excel_BuiltIn_Print_Titles_3_3: #REF!
Name Excel_BuiltIn_Print_Titles_3_3: #REF!
Name Excel_BuiltIn_Print_Titles_3_3: #REF!
Name Excel_BuiltIn_Print_Titles_3_4: #REF!
Name Excel_BuiltIn_Print_Titles_3_4: #REF!
Name Excel_BuiltIn_Print_Titles_3_4: #REF!
Name Excel_BuiltIn_Print_Titles_3_4: #REF!
Name Excel_BuiltIn_Print_Titles_3_4: #REF!
Name Excel_BuiltIn_Print_Titles_3_4: #REF!
Name Excel_BuiltIn_Print_Titles_6: #REF!
Name Excel_BuiltIn_Print_Titles_6: #REF!
Name Excel_BuiltIn_Print_Titles_6: #REF!
Name Excel_BuiltIn_Print_Titles_6: #REF!
Name Excel_BuiltIn_Print_Titles_6: #REF!
Name Excel_BuiltIn_Print_Titles_6: #REF!
Name Excel_BuiltIn_Print_Titles_6_3: #REF!
Name Excel_BuiltIn_Print_Titles_6_3: #REF!
Name Excel_BuiltIn_Print_Titles_6_3: #REF!
Name Excel_BuiltIn_Print_Titles_6_3: #REF!
Name Excel_BuiltIn_Print_Titles_6_3: #REF!
Name Excel_BuiltIn_Print_Titles_6_3: #REF!
Name Excel_BuiltIn_Print_Titles_6_4: #REF!
Name Excel_BuiltIn_Print_Titles_6_4: #REF!
Name Excel_BuiltIn_Print_Titles_6_4: #REF!
Name Excel_BuiltIn_Print_Titles_6_4: #REF!
Name Excel_BuiltIn_Print_Titles_6_4: #REF!
Name Excel_BuiltIn_Print_Titles_6_4: #REF!
Name Excel_BuiltIn_Print_Titles_7: [1]SW!#REF!
Name Excel_BuiltIn_Print_Titles_7: [1]SW!#REF!
Name Excel_BuiltIn_Print_Titles_7: [1]SW!#REF!
Name Excel_BuiltIn_Print_Titles_7: [1]SW!#REF!
Name Excel_BuiltIn_Print_Titles_7: [1]SW!#REF!
Name Excel_BuiltIn_Print_Titles_7: [1]SW!#REF!

Sheet 表紙
O8: LMS学習管理システム
O9: 13期12月対応
O10: 画面レイアウト設計書
S12: ヘッダメニュー
X17: ="第"&TEXT(MAX(更新履歴!A8:I170),"#0.0")&"版" -> 第1.6版 | AA17: =MAX(更新履歴!J8:Q34) -> 43798
U20: 作成者 | Z20: 審査者 | AE20: 承認者

Sheet 更新履歴
A1: プロジェクト名 | J1: システム名 | R1: =表紙!S12 -> ヘッダメニュー | AJ1: 作成者 | AO1: 作成日 | AT1: 更新者 | AY1: 更新日
A2: =表紙!O9 -> 13期12月対応 | J2: =表紙!O8 -> LMS学習管理システム | R2: 更新履歴 | AJ2: 櫻井 | AO2: 43412 | AT2: 髙橋大 | AY2: 43798
A5: バージョン | J5: 日付 | R5: 章番号 | V5: 内容 | AT5: 作成者 / 更新者
A8: 1 | J8: 43412 | R8: 全て | V8: 新規作成 | AT8: 櫻井
A11: 1.1 | J11: 43413 | R11: ヘッダメニュー一覧 | V11: 【コンテンツ管理 案件対応】 受講生権限のカテゴリーに「教材ダウンロード」メニューを追加 | AT11: 櫻井
A14: 1.2 | J14: 43439 | R14: 受講生_教材ダウンロード | V14: 【コンテンツ管理 案件対応】 「受講生_教材ダウンロード」を新規追加 | AT14: 櫻井
A17: 1.3 | J17: 43514 | R17: ・ヘッダメニュー一覧 ・管理者_勤怠一括登録 | V17: 【12期課題対応】 ・管理者権限と講師権限に「勤怠一括登録」メニュー追加 ・管理者_勤怠一括登録シート追加 ・講師_勤怠一括登録シート追加 | AT17: 櫻井
A22: 1.4 | J22: 43676 | R22: ・ヘッダメニュー一覧 ・管理者_データの表示制御 | V22: 【マスタデータの表示制御機能】 ・管理者権限に「データの表示制御」メニュー追加 ・管理者_データの表示制御シート追加 | AT22: 櫻井
A26: 1.5 | J26: 43759 | R26: ヘッダメニュー一覧 | V26: 【13期12月対応】 No.22,36,37,59,62新規追加 備考欄を追加 | AT26: 髙橋大
A31: 1.6 | J31: 43798 | R31: ヘッダメニュー一覧 | V31: 【13期1月対応】 評価レポート→評価レポート採点確認に修正 | AT31: 髙橋大

Sheet ヘッダメニュー一覧
A1: プロジェクト名 | J1: システム名 | R1: =表紙!S12 -> ヘッダメニュー | AJ1: 作成者 | AO1: 作成日 | AT1: 更新者 | AY1: 更新日
A2: =表紙!O9 -> 13期12月対応 | J2: =表紙!O8 -> LMS学習管理システム | R2: =RIGHT(CELL("filename",A1),LEN(CELL("filename",A1))-FIND("]",CELL("filename",A1))) -> ヘッダメニュー一覧 | AJ2: 櫻井 | AO2: 43412 | AT2: 髙橋大 | AY2: 43798
A5: No | C5: 権限 | L5: カテゴリー | U5: リンク | AJ5: 備考
A6: 1 | C6: 管理者 | L6: 事務 | U6: メールテンプレート管理
A7: 2 | C7: 管理者 | L7: 事務 | U7: メール一斉送信
A8: 3 | C8: 管理者 | L8: 事務 | U8: 企業管理
A9: 4 | C9: 管理者 | L9: 事務 | U9: ユーザー管理
A10: 5 | C10: 管理者 | L10: 事務 | U10: 契約履歴
A11: 6 | C11: 管理者 | L11: 事務 | U11: 引継面談／会場見学 スケジュール
A12: 7 | C12: 管理者 | L12: 事務 | U12: 引継面談／会場見学 実施予定
A13: 8 | C13: 管理者 | L13: 事務 | U13: 成果報告会スケジュール
A14: 9 | C14: 管理者 | L14: 事務 | U14: 成果報告会チーム確定
A15: 10 | C15: 管理者 | L15: 事務 | U15: 成果報告会実施予定
A16: 11 | C16: 管理者 | L16: 事務 | U16: 請求情報ダウンロード
A17: 12 | C17: 管理者 | L17: 事務 | U17: 評価レポート公開
... A55: 50 | C55: 受講生 | L55: 勤怠 | U55: -
A56: 51 | C56: 受講生 | L56: 機能 | U56: ファイル共有 | AJ56: ファイル共有不可の会場に紐付いた受講生の場合非表示
A57: 52 | C57: 受講生 | L57: 機能 | U57: 質問
A58: 53 | C58: 受講生 | L58: 機能 | U58: 動画視聴
A59: 54 | C59: 受講生 | L59: 機能 | U59: ヘルプ
A60: 55 | C60: 講師 | L60: 研修管理 | U60: コース
A61: 56 | C61: 講師 | L61: 研修管理 | U61: 受講生
A62: 57 | C62: 講師 | L62: 研修管理 | U62: 日報
A63: 58 | C63: 講師 | L63: 研修管理 | U63: 試験結果
A64: 59 | C64: 講師 | L64: 研修管理 | U64: 成果物
A65: 60 | C65: 講師 | L65: 研修管理 | U65: 勤怠確認
A66: 61 | C66: 講師 | L66: 研修管理 | U66: 勤怠一括登録
A67: 62 | C67: 講師 | L67: 研修管理 | U67: 評価レポート採点確認
A68: 63 | C68: 講師 | L68: 面談・報告会 | U68: 引継面談／会場見学 実施予定
... A97: 92 | C97: 育成担当者 | L97: その他 | U97: ヘルプ

Sheet 管理者_データの表示制御
A1: プロジェクト名 | J1: システム名 | R1: =表紙!S12 -> ヘッダメニュー | AJ1: 作成者 | AO1: 作成日 | AT1: 更新者 | AY1: 更新日
A2: =表紙!O9 -> 13期12月対応 | J2: =表紙!O8 -> LMS学習管理システム | R2: =RIGHT(CELL("filename",A1),LEN(CELL("filename",A1))-FIND("]",CELL("filename",A1))) -> 管理者_データの表示制御 | AJ2: 櫻井 | AO2: 43676
B5: ◆「データの表示制御」押下時
B7: 入力仕様
B8: No | D8: 項目名 | J8: 物理名 | P8: コントロール | V8: 必須 | X8: 桁数 | AA8: 最小値 | AD8: 最大値 | AG8: IME | AI8: 属性 | AR8: 備考
B9: 1 | D9: データの表示制御 | J9: - | P9: リンク | V9: - | X9: - | AA9: - | AD9: - | AG9: - | AI9: /displayControl/list | AR9: データの表示画面へ遷移する
B11: その他 入力仕様
C12: なし
B14: その他仕様
C15: なし

Sheet 受講生_教材ダウンロード
A1: プロジェクト名 | J1: システム名 | R1: =表紙!S12 -> ヘッダメニュー | AJ1: 作成者 | AO1: 作成日 | AT1: 更新者 | AY1: 更新日
A2: =表紙!O9 -> 13期12月対応 | J2: =表紙!O8 -> LMS学習管理システム | R2: =RIGHT(CELL("filename",A1),LEN(CELL("filename",A1))-FIND("]",CELL("filename",A1))) -> 受講生_教材ダウンロード | AJ2: 櫻井 | AO2: 43439
B5: ◆「教材ダウンロード」押下時
B7: 入力仕様
B8: No | D8: 項目名 | J8: 物理名 | P8: コントロール | V8: 必須 | X8: 桁数 | AA8: 最小値 | AD8: 最大値 | AG8: IME | AI8: 属性 | AR8: 備考
B9: 1 | D9: 教材ダウンロード | J9: - | P9: リンク | V9: - | X9: - | AA9: - | AD9: - | AG9: - | AI9: /teachingMaterial/download | AR9: 教材ダウンロード画面へ遷移する
B11: その他 入力仕様
C12: なし
B14: その他仕様
C15: なし

Sheet 管理者_勤怠一括登録
A1: プロジェクト名 | J1: システム名 | R1: =表紙!S12 -> ヘッダメニュー | AJ1: 作成者 | AO1: 作成日 | AT1: 更新者 | AY1: 更新日
A2: =表紙!O9 -> 13期12月対応 | J2: =表紙!O8 -> LMS学習管理システム | R2: =RIGHT(CELL("filename",A1),LEN(CELL("filename",A1))-FIND("]",CELL("filename",A1))) -> 管理者_勤怠一括登録 | AJ2: 櫻井 | AO2: 43514
B5: ◆「勤怠一括登録」押下時
B7: 入力仕様
B8: No | D8: 項目名 | J8: 物理名 | P8: コントロール | V8: 必須 | X8: 桁数 | AA8: 最小値 | AD8: 最大値 | AG8: IME | AI8: 属性 | AR8: 備考
B9: 1 | D9: 勤怠一括登録 | J9: - | P9: リンク | V9: - | X9: - | AA9: - | AD9: - | AG9: - | AI9: /attendance/bulkRegist | AR9: 勤怠一括登録画面へ遷移する
B11: その他 入力仕様
C12: なし
B14: その他仕様
C15: なし

Sheet 講師_勤怠一括登録
A1: プロジェクト名 | J1: システム名 | R1: =表紙!S12 -> ヘッダメニュー | AJ1: 作成者 | AO1: 作成日 | AT1: 更新者 | AY1: 更新日
A2: =表紙!O9 -> 13期12月対応 | J2: =表紙!O8 -> LMS学習管理システム | R2: =RIGHT(CELL("filename",A1),LEN(CELL("filename",A1))-FIND("]",CELL("filename",A1))) -> 講師_勤怠一括登録 | AJ2: 櫻井 | AO2: 43514
B5: ◆「勤怠一括登録」押下時
B7: 入力仕様
B8: No | D8: 項目名 | J8: 物理名 | P8: コントロール | V8: 必須 | X8: 桁数 | AA8: 最小値 | AD8: 最大値 | AG8: IME | AI8: 属性 | AR8: 備考
B9: 1 | D9: 勤怠一括登録 | J9: - | P9: リンク | V9: - | X9: - | AA9: - | AD9: - | AG9: - | AI9: /attendance/bulkRegist | AR9: 勤怠一括登録画面へ遷移する
B11: その他 入力仕様
C12: なし
B14: その他仕様
C15: なし
