Workbook

Sheet 表紙
O8: LMS学習管理システム
O9: Javaリアルプロジェクト
S11: 画面URL一覧
X15: ="第"&TEXT(MAX(更新履歴!A8:J163),"#0.0")&"版" -> 第2.1版 | AA15: =MAX(更新履歴!K8:T34) -> 45226
U18: 作成者 | Z18: 審査者 | AE18: 承認者
U19: 加藤

Sheet 更新履歴
A1: プロジェクト名 | K1: システム名 | U1: =表紙!S11 -> 画面URL一覧 | AO1: 作成者 | AU1: 作成日 | BA1: 更新者 | BG1: 更新日
A2: =表紙!O9 -> Javaリアルプロジェクト | K2: =表紙!O8 -> LMS学習管理システム | U2: 更新履歴 | AO2: 加藤 | AU2: 44265 | BA2: 堀井 | BG2: 45315
A5: バージョン | K5: 日付 | U5: 章番号 | Y5: 内容 | BA5: 作成者 / 更新者
A8: 1 | K8: 44265 | U8: 全て | Y8: 新規作成 | BA8: 加藤
A11: 1.1 | K11: 44335 | U11: 画面URL一覧 | Y11: 管理者権限の一部画面を追加 | BA11: 臼井
A14: 1.2 | K14: 44351 | U14: 画面URL一覧 | Y14: ・管理者権限の一部画面を追加2 ・育成担当者欄記載 ・勤怠情報変更⇒勤怠情報直接変更に修正 | BA14: 臼井
A17: 1.3 | K17: 44363 | U17: 画面URL一覧 | Y17: 管理者権限のみの画面を削除 | BA17: 臼井
A20: 1.4 | K20: 45002 | U20: 画面URL一覧 | Y20: 解答用にすべての権限画面追記 | BA20: 岡野
A23: 1.5 | K23: 45211 | U23: 画面URL一覧 | Y23: 要件追加対応 | BA23: 岡野
A26: 1.6 | K26: 45218 | U26: 画面URL一覧 | Y26: 【面談】削除用・変更用URLの修正 | BA26: 堀井
A29: 1.7 | K29: 45222 | U29: 画面URL一覧 | Y29: 【契約】 契約確認画面のURLを追加 | BA29: 堀井
A32: 1.8 | K32: 45226 | U32: 画面URL一覧 | Y32: 【助成金】画面名を他の設計書に合わせて修正 | BA32: 堀井
A35: 1.9 | K35: 45240 | U35: 画面URL一覧 | Y35: 【コース・セクション】画面名の統一、新規画面追加 | BA35: 堀井
A38: 2 | K38: 45257 | U38: 画面URL一覧 | Y38: 【引継面談／会場見学】画面名統一、新規URL追加 | BA38: 堀井
A41: 2.1 | K41: 45315 | U41: 画面URL一覧 | Y41: 【おしらせ】画面名、URLを再整備 | BA41: 堀井

Sheet 画面URL一覧
A1: プロジェクト名 | K1: システム名 | U1: =表紙!S11 -> 画面URL一覧 | AO1: 作成者 | AU1: 作成日 | BA1: 更新者 | BG1: 更新日
A2: =表紙!O9 -> Javaリアルプロジェクト | K2: =表紙!O8 -> LMS学習管理システム | U2: 更新履歴 | AO2: 加藤 | AU2: 44265 | BA2: 堀井 | BG2: 45315
A5: No. | C5: 分類 | K5: 画面名 | AA5: URL | AO5: 受講 生 | AR5: 講師 | AU5: 企業 担当 | AX5: 育成 担当 | BA5: 管理 | BD5: 備考
A7: =ROW()-6 -> 1 | C7: 404 | K7: 404 | AA7: - | AO7: ○ | AR7: ○ | AU7: ○ | AX7: ○ | BA7: ○
A8: =ROW()-6 -> 2 | C8: エラー | K8: エラー | AA8: /error | AO8: ○ | AR8: ○ | AU8: ○ | AX8: ○ | BA8: ○
A9: =ROW()-6 -> 3 | C9: お知らせ | K9: お知らせ情報取得(JSON) | AA9: /info | AO9: ○ | AR9: ○ | AU9: ○ | AX9: ○ | BA9: ○
A10: =ROW()-6 -> 4 | C10: お知らせ | K10: お知らせ | AA10: /info/latest | AO10: × | AR10: × | AU10: × | AX10: × | BA10: ○
A11: =ROW()-6 -> 5 | C11: お知らせ | K11: お知らせ登録 | AA11: /info/regist | AO11: × | AR11: × | AU11: × | AX11: × | BA11: ○
A12: =ROW()-6 -> 6 | C12: お知らせ | K12: お知らせ履歴一覧 | AA12: /info/list | AO12: × | AR12: × | AU12: × | AX12: × | BA12: ○
A13: =ROW()-6 -> 7 | C13: 改修 | K13: 改修履歴一覧 | AA13: /repair/list | AO13: × | AR13: × | AU13: × | AX13: × | BA13: ○
A14: =ROW()-6 -> 8 | C14: 改修 | K14: 改修登録(登録・変更) | AA14: /repair/regist | AO14: × | AR14: × | AU14: × | AX14: × | BA14: ○
A15: =ROW()-6 -> 9 | C15: 会場 | K15: 会場一覧 | AA15: /place/list | AO15: × | AR15: × | AU15: × | AX15: × | BA15: ○
A16: =ROW()-6 -> 10 | C16: 会場 | K16: 会場登録(登録・変更) | AA16: /place/regist | AO16: × | AR16: × | AU16: × | AX16: × | BA16: ○
A17: =ROW()-6 -> 11 | C17: 会場 | K17: 会場データインポート | AA17: /place/registPlaceCsv | AO17: × | AR17: × | AU17: × | AX17: × | BA17: ○
A18: =ROW()-6 -> 12 | C18: 企業 | K18: 企業一覧 | AA18: /company/list | AO18: × | AR18: × | AU18: × | AX18: × | BA18: ○
... A114: =ROW()-6 -> 108 | C114: 面談 | K114: ユーザー詳細(面談記録削除) | AA114: /meeting/delete | AO114: × | AR114: ○ | AU114: × | AX114: × | BA114: ○
A115: 89 | C115: 面談 | K115: ユーザー詳細(面談記録ダウンロード) | AA115: /meeting/download | AO115: × | AR115: ○ | AU115: × | AX115: × | BA115: ○
A116: 90 | C116: 面談テンプレート | K116: 面談テンプレートファイル一覧 | AA116: /meeting/fileList | AO116: × | AR116: × | AU116: × | AX116: × | BA116: ○
A117: 91 | C117: 面談テンプレート | K117: 面談テンプレートファイル登録 | AA117: /meeting/fileRegist | AO117: × | AR117: × | AU117: × | AX117: × | BA117: ○
