Workbook

Sheet 表紙
O8: LMS学習管理システム
O9: 体験型Java研修
O10: 勤怠管理画面
O11: テスト仕様書 画面レイアウト設計
X15: ="第"&TEXT(MAX(更新履歴!A8:I167),"#0.0")&"版" -> 第1.0版 | AA15: =MAX(更新履歴!J8:Q31) -> 46069
U18: 作成者 | Z18: 審査者 | AE18: 承認者
U19: 西川

Sheet 更新履歴
A1: プロジェクト名 | J1: システム名 | R1: =表紙!O11 -> テスト仕様書 画面レイアウト設計 | AJ1: 作成者 | AO1: 作成日 | AT1: 更新者 | AY1: 更新日
A2: =表紙!O9 -> 体験型Java研修 | J2: =表紙!O8 -> LMS学習管理システム | R2: 更新履歴 | AJ2: 西川 | AO2: 46069
A5: バージョン | J5: 日付 | R5: 章番号 | V5: 内容 | AT5: 作成者 / 更新者
A8: 1 | J8: 46069 | R8: 全て | V8: 新規作成 | AT8: 西川

Sheet 画面詳細(受講生)
A1: プロジェクト名 | J1: システム名 | R1: =更新履歴!R1 -> テスト仕様書 画面レイアウト設計 | AJ1: 作成者 | AO1: 作成日 | AT1: 更新者 | AY1: 更新日
A2: =表紙!O9 -> 体験型Java研修 | J2: =表紙!O8 -> LMS学習管理システム | R2: =表紙!O10 -> 勤怠管理画面 | AJ2: 西川 | AO2: 46069
B5: 画面イメージ
C7: 過去日勤怠未入力の確認ダイアログ | AE7: No | AG7: 実施日 | AI7: 実施者 | AK7: 初回 OK/NG | AM7: 再試験 OK/NG | AO7: 再々試験 OK/NG | AQ7: 補足（試験観点） | BB7: 0.71241242
AE9: 1 | AQ9: 過去日に未登録の勤怠がある場合、確認ダイアログが表示される
AE10: 2 | AQ10: 確認ダイアログがモックと一致していること
AE11: 3 | AQ11: 過去日に未登録の勤怠がない場合、ダイアログが表示されないこと
C18: 受講生権限
B46: 画面表示項目
B47: No | D47: 項目名 | N47: データ元 | AD47: 備考 | AX47: 権限ごとの 表示可否 | BC47: 実施日 | BE47: 実施者 | BG47: 初回 OK/NG | BI47: 再試験 OK/NG | BK47: 再々試験 OK/NG | BM47: 補足（試験観点） | BX47: 0.71241242
N48: テーブル名 | V48: フィールド | AX48: 受 | AY48: 講 | AZ48: 企 | BA48: 管 | BB48: 育
B49: 1 | D49: タイトル | N49: - | V49: - | AD49: 「勤怠管理」 | AX49: ○ | AZ49: ○ | BC49: - | BE49: - | BG49: - | BI49: - | BK49: - | BM49: -
B50: 2 | D50: 現在時刻 | N50: - | V50: - | AD50: 「現在の時刻は （現在時刻HH:MM形式） です。」と表示 | AX50: ○ | AZ50: - | BC50: - | BE50: - | BG50: - | BI50: - | BK50: - | BM50: -
B51: 3 | D51: 『出勤』ボタン | N51: - | V51: - | AX51: ○ | AZ51: - | BC51: - | BE51: - | BG51: - | BI51: - | BK51: - | BM51: -
B52: 4 | D52: 『退勤』ボタン | N52: - | V52: - | AX52: ○ | AZ52: - | BC52: - | BE52: - | BG52: - | BI52: - | BK52: - | BM52: -
B53: 5 | D53: 『勤怠情報を直接編集する』リンク | N53: - | V53: - | AX53: ○ | AZ53: - | BC53: - | BE53: - | BG53: - | BI53: - | BK53: - | BM53: -
B54: 勤怠一覧
B55: 6 | D55: 日付 | N55: m_section | V55: date | AD55: yyyy年mm月dd日(E)形式 | AX55: ○ | AZ55: ○ | BC55: - | BE55: - | BG55: - | BI55: - | BK55: - | BM55: -
B56: 7 | D56: セクション名 | N56: m_section | V56: section_name | AX56: ○ | AZ56: ○ | BC56: - | BE56: - | BG56: - | BI56: - | BK56: - | BM56: -
B57: 8 | D57: 出勤時刻 | N57: t_student_attendance | V57: training_start_time | AD57: hh:mm形式 | AX57: ○ | AZ57: ○ | BC57: - | BE57: - | BG57: - | BI57: - | BK57: - | BM57: -
B58: 9 | D58: 退勤時刻 | N58: t_student_attendance | V58: training_end_time | AD58: hh:mm形式 | AX58: ○ | AZ58: ○ | BC58: - | BE58: - | BG58: - | BI58: - | BK58: - | BM58: -
B59: 10 | D59: 中抜け時間 | N59: t_student_attendance | V59: blank_time | AD59: hh:mm形式 | AX59: ○ | AZ59: ○ | BC59: - | BE59: - | BG59: - | BI59: - | BK59: - | BM59: -
B60: 11 | D60: ステータス | N60: t_student_attendance | V60: status | AX60: ○ | AZ60: ○ | BC60: - | BE60: - | BG60: - | BI60: - | BK60: - | BM60: -
B61: 12 | D61: 備考 | N61: t_student_attendance | V61: note | AX61: ○ | AZ61: ○ | BC61: - | BE61: - | BG61: - | BI61: - | BK61: - | BM61: -
B62: 過去日未入力確認ダイアログ
B63: 13 | D63: ダイアログタイトル | N63: - | V63: - | AX63: ○ | AZ63: - | BM63: 『localhost:8080 の内容』と表示されていること
B64: 14 | D64: メッセージ | N64: - | V64: - | AX64: ○ | AZ64: - | BM64: 『過去日の勤怠に未入力があります。』と表示されていること
B65: 15 | D65: 『OK（過去日未入力確認）』ボタン | N65: - | V65: - | AX65: ○ | AZ65: - | BM65: 『OK』と表示されていること
BM66: =$'イベント処理(受講生)'.y8$'イベント処理(受講生)'!Y8 -> #NAME?
B68: 入力パラメータ
B69: No | D69: 項目名 | N69: 物理名 | U69: コントロール | AB69: FORMクラスの入力チェック | AD69: 桁数 | AF69: 最大値 | AH69: 最小値 | AJ69: その他チェック | AN69: 送信 方法 | AP69: 備考 | AZ69: 実施日 | BB69: 実施者 | BD69: 正常 初回 OK/NG | BF69: 異常 初回 OK/NG | BH69: 正常 再試験 OK/NG | BJ69: 異常 再試験 OK/NG | BL69: 正常 再々試験 OK/NG | BN69: 異常 再々試験 OK/NG | BP69: 補足（試験観点） | CA69: 0.71241242
B70: No | D70: 項目名 | N70: 物理名 | U70: コントロール | AB70: 必須 | AD70: 桁数 | AF70: 最大値 | AH70: 最小値 | AJ70: その他 | AN70: 方法 | AP70: 備考
B71: 『OK(過去日未入力確認ダイアログ）』ボタン押下
B72: - | D72: なし | N72: - | U72: - | AB72: - | AD72: - | AF72: - | AH72: - | AJ72: - | AN72: - | AZ72: - | BB72: - | BD72: - | BF72: - | BH72: - | BJ72: - | BL72: - | BN72: -
B73: 『出勤』ボタン押下
B74: - | D74: なし | N74: - | U74: - | AB74: - | AD74: - | AF74: - | AH74: - | AJ74: - | AN74: - | AZ74: - | BB74: - | BD74: - | BF74: - | BH74: - | BJ74: - | BL74: - | BN74: -
B75: 『退勤』ボタン押下
B76: - | D76: なし | N76: - | U76: - | AB76: - | AD76: - | AF76: - | AH76: - | AJ76: - | AN76: - | AZ76: - | BB76: - | BD76: - | BF76: - | BH76: - | BJ76: - | BL76: - | BN76: -

Sheet 画面詳細(企業担当者)
A1: プロジェクト名 | J1: システム名 | R1: =更新履歴!R1 -> テスト仕様書 画面レイアウト設計 | AJ1: 作成者 | AO1: 作成日 | AT1: 更新者 | AY1: 更新日
A2: =表紙!O10 -> 勤怠管理画面 | J2: =表紙!O9 -> 体験型Java研修 | R2: =RIGHT(CELL("filename",A1),LEN(CELL("filename",A1))-FIND("]",CELL("filename",A1))) -> 画面詳細(企業担当者) | AJ2: 寺岡 | AO2: 43045 | AT2: FUSE：本江 | AY2: 43133
B5: 画面イメージ
B41: 出力仕様
B42: No | D42: 項目名 | N42: データ元 | AD42: 備考
N43: テーブル名 | V43: フィールド
B44: 受講生情報
B45: 1 | D45: ユーザー名
B46: 2 | D46: 企業名
B47: 3 | D47: コース名
B48: 4 | D48: 会場名
B49: 勤怠情報一覧
B50: 5 | D50: 日付 | N50: m_section | V50: date | AD50: ログインしているユーザのLMSユーザIDから、日付、セクション名、出勤時刻、退勤時刻、中抜け時間、ステータス、備考を全件取得。
B52: 6 | D52: セクション名 | N52: m_section | V52: section_name
B53: 7 | D53: 出勤時刻 | N53: t_student_attendance | V53: training_start_time
B54: 8 | D54: 退勤時刻 | N54: t_student_attendance | V54: training_end_time
B55: 9 | D55: 中抜け時間 | N55: t_student_attendance | V55: blank_time | AD55: DB：15 →表示：00:15（表示最小値） DB：30 →表示：00:30 DB：45 →表示：00:45 ︙ DB:465 →表示：07:45（表示最大値）
B60: 10 | D60: ステータス | N60: t_student_attendance | V60: status | AD60: 1="欠席",2="遅刻",3="早退",4="遅刻&早退" 出勤時刻と退勤時刻から該当するものを表示
B62: 11 | D62: 備考 | N62: t_student_attendance | V62: note

Sheet 画面詳細(育成担当者)
A1: プロジェクト名 | J1: システム名 | R1: =更新履歴!R1 -> テスト仕様書 画面レイアウト設計 | AJ1: 作成者 | AO1: 作成日 | AT1: 更新者 | AY1: 更新日
A2: =表紙!O10 -> 勤怠管理画面 | J2: =表紙!O9 -> 体験型Java研修 | R2: =RIGHT(CELL("filename",A1),LEN(CELL("filename",A1))-FIND("]",CELL("filename",A1))) -> 画面詳細(育成担当者) | AJ2: 髙野 | AO2: 43040 | AT2: FUSE：本江 | AY2: 43133
B5: 画面イメージ
B41: 出力仕様
B42: No | D42: 項目名 | N42: データ元 | AD42: 備考
N43: テーブル名 | V43: フィールド
B44: 勤怠情報一覧
B45: 1 | D45: 日付 | N45: m_section | V45: date | AD45: ログインしているユーザのLMSユーザIDから、日付、セクション名、出勤時刻、退勤時刻、中抜け時間、ステータス、備考を全件取得。
B47: 2 | D47: セクション名 | N47: m_section | V47: section_name
B48: 3 | D48: 出勤時刻 | N48: t_student_attendance | V48: training_start_time
B49: 4 | D49: 退勤時刻 | N49: t_student_attendance | V49: training_end_time
B50: 5 | D50: 中抜け時間 | N50: t_student_attendance | V50: blank_time | AD50: DB：15 →表示：00:15（表示最小値） DB：30 →表示：00:30 DB：45 →表示：00:45 ︙ DB:465 →表示：07:45（表示最大値）
B54: 6 | D54: ステータス | N54: t_student_attendance | V54: status | AD54: 1="欠席",2="遅刻",3="早退",4="遅刻&早退" 出勤時刻と退勤時刻から該当するものを表示
B56: 7 | D56: 備考 | N56: t_student_attendance | V56: note

Sheet イベント処理(受講生)
A1: プロジェクト名 | J1: システム名 | R1: =更新履歴!R1 -> テスト仕様書 画面レイアウト設計 | AJ1: 作成者 | AO1: 作成日 | AT1: 更新者 | AY1: 更新日
A2: =表紙!O9 -> 体験型Java研修 | J2: =表紙!O8 -> LMS学習管理システム | R2: =表紙!O10 -> 勤怠管理画面 | AJ2: 西川 | AO2: 46069
B5: イベント処理
B7: No | D7: イベント名 | M7: 処理概要 | Y7: 想定結果 | AW7: 実施日 | AY7: 実施者 | BA7: OK/NG
B8: 1 | D8: 初期表示 ※1 | M8: 初期表示(過去日未入力あり) | Y8: 過去日未入力ありの場合: 勤怠管理画面に遷移し、過去日未入力ダイアログが表示されること
M9: 初期表示(過去日未入力なし) | Y9: 過去日未入力なしの場合: 勤怠管理画面が表示されること
B10: 2 | C10: 12 | D10: 『OK(過去日未入力確認ダイアログ）』ボタン押下 | M10: 『OK』ボタン押下 | Y10: ダイアログが消え、勤怠管理画面が表示されること
B12: ※1 勤怠登録の過去日未入力あり、過去日未入力なしで想定結果が異なるため、DB操作が必要である
B13: DB操作は以下記述している
B15: 必要SQL文
B16: UPDATE t_student_attendance SET training_start_time = '09:00', training_end_time = '18:00' WHERE student_attendance_id = {id};
B17: {id}には登録が必要な’student_attendance_id’を入力する。
B19: No.1の処理分岐のテスト方法
B20: ・過去日未入力あり：上記SQLを使用してDBに初期値を入力する。
I21: テスト日より過去の日付で１つ以上上記SQLを実行せずに勤怠の登録がされていない日付を用意すること。
B22: ・過去日未入力なし：上記SQLを使用してDBに初期値を入力する。
I23: テスト日までのすべての日付に勤怠が登録されていること。
