Workbook
Name Excel_BuiltIn_Print_Area_3: #REF!
Name Excel_BuiltIn_Print_Area_3: #REF!
Name Excel_BuiltIn_Print_Area_3_3: #REF!
Name Excel_BuiltIn_Print_Area_3_3: #REF!
Name Excel_BuiltIn_Print_Area_3_4: #REF!
Name Excel_BuiltIn_Print_Area_3_4: #REF!
Name Excel_BuiltIn_Print_Titles_3: #REF!
Name Excel_BuiltIn_Print_Titles_3: #REF!
Name Excel_BuiltIn_Print_Titles_3_3: #REF!
Name Excel_BuiltIn_Print_Titles_3_3: #REF!
Name Excel_BuiltIn_Print_Titles_3_4: #REF!
Name Excel_BuiltIn_Print_Titles_3_4: #REF!
Name Excel_BuiltIn_Print_Titles_6: #REF!
Name Excel_BuiltIn_Print_Titles_6: #REF!
Name Excel_BuiltIn_Print_Titles_6_3: #REF!
Name Excel_BuiltIn_Print_Titles_6_3: #REF!
Name Excel_BuiltIn_Print_Titles_6_4: #REF!
Name Excel_BuiltIn_Print_Titles_6_4: #REF!

Sheet 表紙
O8: LMS学習管理システム
O9: 体験型Java研修
S10: 契約確認画面
O11: 画面レイアウト設計書
X15: ="第"&TEXT(MAX(更新履歴!A8:I167),"#0.0")&"版" -> 第1.0版 | AA15: =MAX(更新履歴!J8:Q31) -> 45223
U18: 作成者 | Z18: 審査者 | AE18: 承認者
U19: =更新履歴!AJ2 -> 堀井

Sheet 更新履歴
A1: プロジェクト名 | J1: システム名 | R1: =表紙!O11 -> 画面レイアウト設計書 | AJ1: 作成者 | AO1: 作成日 | AT1: 更新者 | AY1: 更新日
A2: =表紙!O9 -> 体験型Java研修 | J2: =表紙!O8 -> LMS学習管理システム | R2: 更新履歴 | AJ2: 堀井 | AO2: 45223
A5: バージョン | J5: 日付 | R5: 章番号 | V5: 内容 | AT5: 作成者 / 更新者
A8: 1 | J8: 45223 | R8: 全て | V8: 新規作成 | AT8: 堀井

Sheet 画面詳細
A1: プロジェクト名 | J1: システム名 | R1: =更新履歴!R1 -> 画面レイアウト設計書 | AJ1: 作成者 | AO1: 作成日 | AT1: 更新者 | AY1: 更新日
A2: =表紙!O9 -> 体験型Java研修 | J2: =表紙!O8 -> LMS学習管理システム | R2: =表紙!S10 -> 契約確認画面 | AJ2: 堀井 | AO2: 45223
B5: 画面イメージ
B35: 画面表示項目
B36: No | D36: 項目名 | N36: データ元 | AD36: 備考 | AX36: 権限ごとの 表示可否
N37: テーブル名 | V37: フィールド | AX37: 受 | AY37: 講 | AZ37: 企 | BA37: 管 | BB37: 育
B38: 1 | D38: タイトル | N38: - | V38: - | AD38: 「契約確認」 | AX38: - | AY38: - | AZ38: ○ | BA38: ○
B39: 2 | D39: 企業名 | N39: m_company | V39: company_name | AX39: - | AY39: - | AZ39: ○ | BA39: ○
B40: 3 | D40: コース名 | N40: m_course | V40: course_name | AX40: - | AY40: - | AZ40: ○ | BA40: ○
B41: 契約内容
B42: 4 | D42: 契約内容 | N42: m_agreement | V42: agreement_content | AD42: Bootstrapパネル形式。縦スクロールあり。改行をそのまま表示。自動折り返しあり。 | AX42: - | AY42: - | AZ42: ○ | BA42: ○
B43: 個人情報利用目的
B44: 5 | D44: 個人情報利用目的 | N44: m_agreement | V44: personal_information_purpose | AD44: Bootstrapパネル形式。縦スクロールあり。改行をそのまま表示。自動折り返しあり。 | AX44: - | AY44: - | AZ44: ○ | BA44: ○
B48: 入力パラメータ
B49: No | D49: 項目名 | N49: 物理名 | U49: コントロール | AB49: FORMクラスの入力チェック | AD49: 桁数 | AF49: 最大値 | AH49: 最小値 | AJ49: その他チェック | AN49: 送信 方法 | AP49: 備考
B50: No | D50: 項目名 | N50: 物理名 | U50: コントロール | AB50: 必須 | AD50: 桁数 | AF50: 最大値 | AH50: 最小値 | AJ50: その他 | AN50: 方法 | AP50: 備考
B51: なし
B52: 1 | D52: なし | AB52: - | AD52: - | AF52: - | AH52: - | AJ52: -

Sheet 画面詳細(企業担当者)
A1: プロジェクト名 | J1: システム名 | R1: =更新履歴!R1 -> 画面レイアウト設計書 | AJ1: 作成者 | AO1: 作成日 | AT1: 更新者 | AY1: 更新日
A2: =表紙!O10 -> 0 | J2: =表紙!O9 -> 体験型Java研修 | R2: =RIGHT(CELL("filename",A1),LEN(CELL("filename",A1))-FIND("]",CELL("filename",A1))) -> 画面詳細(企業担当者) | AJ2: 寺岡 | AO2: 43045 | AT2: FUSE：本江 | AY2: 43133
B5: 画面イメージ
B41: 出力仕様
B42: No | D42: 項目名 | N42: データ元 | AD42: 備考
N43: テーブル名 | V43: フィールド
B44: 受講生情報
B45: 1 | D45: ユーザー名
B46: 2 | D46: 企業名
B47: 3 | D47: コース名
B48: 4 | D48: 会場名
B49: 勤怠情報一覧
B50: 5 | D50: 日付 | N50: m_section | V50: date | AD50: ログインしているユーザのLMSユーザIDから、日付、セクション名、出勤時刻、退勤時刻、中抜け時間、ステータス、備考を全件取得。
B52: 6 | D52: セクション名 | N52: m_section | V52: section_name
B53: 7 | D53: 出勤時刻 | N53: t_student_attendance | V53: training_start_time
B54: 8 | D54: 退勤時刻 | N54: t_student_attendance | V54: training_end_time
B55: 9 | D55: 中抜け時間 | N55: t_student_attendance | V55: blank_time | AD55: DB：15 →表示：00:15（表示最小値） DB：30 →表示：00:30 DB：45 →表示：00:45 ︙ DB:465 →表示：07:45（表示最大値）
B60: 10 | D60: ステータス | N60: t_student_attendance | V60: status | AD60: 1="欠席",2="遅刻",3="早退",4="遅刻&早退" 出勤時刻と退勤時刻から該当するものを表示
B62: 11 | D62: 備考 | N62: t_student_attendance | V62: note

Sheet 画面詳細(育成担当者)
A1: プロジェクト名 | J1: システム名 | R1: =更新履歴!R1 -> 画面レイアウト設計書 | AJ1: 作成者 | AO1: 作成日 | AT1: 更新者 | AY1: 更新日
A2: =表紙!O10 -> 0 | J2: =表紙!O9 -> 体験型Java研修 | R2: =RIGHT(CELL("filename",A1),LEN(CELL("filename",A1))-FIND("]",CELL("filename",A1))) -> 画面詳細(育成担当者) | AJ2: 髙野 | AO2: 43040 | AT2: FUSE：本江 | AY2: 43133
B5: 画面イメージ
B41: 出力仕様
B42: No | D42: 項目名 | N42: データ元 | AD42: 備考
N43: テーブル名 | V43: フィールド
B44: 勤怠情報一覧
B45: 1 | D45: 日付 | N45: m_section | V45: date | AD45: ログインしているユーザのLMSユーザIDから、日付、セクション名、出勤時刻、退勤時刻、中抜け時間、ステータス、備考を全件取得。
B47: 2 | D47: セクション名 | N47: m_section | V47: section_name
B48: 3 | D48: 出勤時刻 | N48: t_student_attendance | V48: training_start_time
B49: 4 | D49: 退勤時刻 | N49: t_student_attendance | V49: training_end_time
B50: 5 | D50: 中抜け時間 | N50: t_student_attendance | V50: blank_time | AD50: DB：15 →表示：00:15（表示最小値） DB：30 →表示：00:30 DB：45 →表示：00:45 ︙ DB:465 →表示：07:45（表示最大値）
B54: 6 | D54: ステータス | N54: t_student_attendance | V54: status | AD54: 1="欠席",2="遅刻",3="早退",4="遅刻&早退" 出勤時刻と退勤時刻から該当するものを表示
B56: 7 | D56: 備考 | N56: t_student_attendance | V56: note

Sheet イベント処理
A1: プロジェクト名 | J1: システム名 | R1: =更新履歴!R1 -> 画面レイアウト設計書 | AJ1: 作成者 | AO1: 作成日 | AT1: 更新者 | AY1: 更新日
A2: =表紙!O9 -> 体験型Java研修 | J2: =表紙!O8 -> LMS学習管理システム | R2: =表紙!S10 -> 契約確認画面 | AJ2: 堀井 | AO2: 45223
B5: イベント処理
B7: No | D7: イベント名 | M7: イベント内容 | AV7: 備考
B8: 1 | D8: 初期表示 | M8: ①．契約内容DTOの取得
D10: コントローラー： | O10: Ⅰ．下記APIを呼び出し、契約内容DTOを取得
D11: /contract/history/detail
Q12: API | U12: 契約内容ＡＰＩ．契約内容DTO取得
Q13: パラメータ | U13: 入力パラメータ．契約同意ID
Q14: パラメータ | U14: 定数クラス．削除フラグオフ
M17: ②．契約内容のパラメータを埋め込み
O19: Ⅰ．①で取得した契約内容のパラメータ部分（:と:で囲まれた部分）を下記の通り置換する。
Q21: 契約内容DTO．契約内容 テキスト内の、
Q23: :company_name: | X23: を | Z23: 契約内容DTO．企業名 | AI23: に、
Q24: :company_address: | X24: を | Z24: 契約内容DTO．事業所所在地 | AI24: に、
Q25: :representative_post: | X25: を | Z25: 契約内容DTO．代表者役職名 | AI25: に、
Q26: :representative_name: | X26: を | Z26: 契約内容DTO．代表者氏名 | AI26: に、
Q27: :course_name: | X27: を | Z27: 契約内容DTO．コース名 | AI27: に、
Q28: :contract_start_date: | X28: を | Z28: 契約内容DTO．契約開始日 | AI28: に、
Q29: :contract_end_date: | X29: を | Z29: 契約内容DTO．契約終了日 | AI29: に、
Q30: :contract_date: | X30: を | Z30: 契約内容DTO．契約日 | AI30: に、
Q32: それぞれ置換し、契約内容DTO．契約内容 に上書きする。
M35: ③．契約確認画面へ遷移
