Workbook

Sheet 表紙
O8: LMS学習管理システム
O9: 体験型Java研修
S10: API一覧
S11: API設計書
X15: ="第"&TEXT(MAX(更新履歴!A8:I36),"#0.0")&"版" -> 第1.8版 | AA15: =MAX(更新履歴!J8:Q36) -> 45258
U18: 作成者 | Z18: 審査者 | AE18: 承認者
U19: 臼井

Sheet 更新履歴
A1: プロジェクト名 | J1: システム名 | R1: =表紙!S11 -> API設計書 | AJ1: 作成者 | AO1: 作成日 | AT1: 更新者 | AY1: 更新日
A2: =表紙!O9 -> 体験型Java研修 | J2: =表紙!O8 -> LMS学習管理システム | R2: 更新履歴 | AJ2: 臼井 | AO2: 44260 | AT2: 堀井 | AY2: 45258
A5: バージョン | J5: 日付 | R5: 章番号 | V5: 内容 | AT5: 作成者 / 更新者
A8: 1 | J8: 44260 | R8: 全て | V8: 新規作成 | AT8: 臼井
A11: 1.1 | J11: 44299 | R11: API一覧 | V11: 以下API追加 ・面談詳細 ・会場 ・評価レポート ・面談 ・面談ファイル | AT11: 臼井
A16: 1.2 | J16: 45005 | R16: API一覧 | V16: 全API追加 | AT16: 岡野
A19: 1.3 | J19: 45222 | R19: API一覧 | V19: 契約内容API、契約同意API追加 | AT19: 堀井
A22: 1.4 | J22: 45232 | R22: API一覧 | V22: 助成金カテゴリAPI、会場アサインAPI追加 | AT22: 堀井
A25: 1.5 | J25: 45237 | R25: API一覧 | V25: 面談スケジュール詳細API追加 | AT25: 堀井
A28: 1.6 | J28: 45250 | R28: API一覧 | V28: カテゴリAPI追加 | AT28: 堀井
A31: 1.7 | J31: 45254 | R31: API一覧 | V31: 試験・セクション紐付けAPI追加 | AT31: 堀井
A34: 1.8 | J34: 45258 | R34: API一覧 | V34: 面談対象企業API、面談対象会場API追加 | AT34: 堀井

Sheet API一覧
A1: プロジェクト名 | J1: システム名 | R1: =表紙!S11 -> API設計書 | AJ1: 作成者 | AO1: 作成日 | AT1: 更新者 | AY1: 更新日
A2: =表紙!O9 -> 体験型Java研修 | J2: =表紙!O8 -> LMS学習管理システム | R2: =表紙!S10 -> API一覧 | AJ2: 臼井 | AO2: 44260 | AT2: 堀井 | AY2: 45258
A5: No. | C5: API名 | AK5: 備考
C6: 論理名 | R6: 物理名
A7: =MAX(A$5:INDIRECT("A"&ROW()-1))+1 -> 1 | C7: ログイン | R7: LoginMapper
A8: =MAX(A$5:INDIRECT("A"&ROW()-1))+1 -> 2 | C8: 契約内容 | R8: MAgreementMapper
A9: =MAX(A$5:INDIRECT("A"&ROW()-1))+1 -> 3 | C9: カテゴリ | R9: MCategoryMapper
A10: =MAX(A$5:INDIRECT("A"&ROW()-1))+1 -> 4 | C10: 企業 | R10: MCompanyMapper
A11: =MAX(A$5:INDIRECT("A"&ROW()-1))+1 -> 5 | C11: コース | R11: MCourseMapper
A12: =MAX(A$5:INDIRECT("A"&ROW()-1))+1 -> 6 | C12: 日報マスタマッパー | R12: MDailyReportMapper
A13: =MAX(A$5:INDIRECT("A"&ROW()-1))+1 -> 7 | C13: 評価レポート詳細 | R13: MEvReportDetailMapper
A14: =MAX(A$5:INDIRECT("A"&ROW()-1))+1 -> 8 | C14: 評価レポート | R14: MEvReportMapper
A15: =MAX(A$5:INDIRECT("A"&ROW()-1))+1 -> 9 | C15: 試験 | R15: MExamMapper
A16: =MAX(A$5:INDIRECT("A"&ROW()-1))+1 -> 10 | C16: 質問カテゴリ | R16: MFrequentlyAskedQuestionCategoryMapper
A17: =MAX(A$5:INDIRECT("A"&ROW()-1))+1 -> 11 | C17: 質問 | R17: MFrequentlyAskedQuestionMapper
A18: =MAX(A$5:INDIRECT("A"&ROW()-1))+1 -> 12 | C18: 共有グループ | R18: MFssGroupMapper
... A66: =MAX(A$5:INDIRECT("A"&ROW()-1))+1 -> 60 | C66: ユーザー・会場紐付け | R66: TUserPlaceMapper
