Workbook

Sheet 表紙
O8: LMS学習管理システム
O9: 体験型Java研修
O10: 共通設計書
S12: ユーティリティクラス設計書
X16: ="第"&TEXT(MAX(更新履歴!A8:J166),"#0.0")&"版" -> 第1.1版 | AA16: =MAX(更新履歴!K8:T166) -> 44550
U19: 作成者 | Z19: 審査者 | AE19: 承認者
U20: 臼井

Sheet 更新履歴
A1: プロジェクト名 | K1: システム名 | U1: =表紙!O10 -> 共通設計書 | AO1: 作成者 | AU1: 作成日 | BA1: 更新者 | BG1: 更新日
A2: =表紙!O9 -> 体験型Java研修 | K2: =表紙!O8 -> LMS学習管理システム | U2: 更新履歴 | AO2: 臼井 | AU2: 44258 | BA2: 岡野 | BG2: 44550
A5: バージョン | K5: 日付 | U5: 章番号 | Y5: 内容 | BA5: 作成者 / 更新者
A8: 1 | K8: 44258 | U8: 全て | Y8: 新規作成 | BA8: 臼井
A11: 1.1 | K11: 44550 | U11: 関数名一覧 | Y11: Task.26 勤怠：時間(時)の切り出し 勤怠：時間(分)の切り出し 勤怠：時間プルダウンマップを生成 勤怠：分プルダウンマップを生成 勤怠：受講時間数を算出 勤怠：中抜け時間(文字列)を数字に変換 | BA11: 岡野

Sheet クラス名一覧
A1: プロジェクト名 | K1: システム名 | U1: =表紙!O10 -> 共通設計書 | AO1: 作成者 | AU1: 作成日 | BA1: 更新者 | BG1: 更新日
A2: =表紙!O9 -> 体験型Java研修 | K2: =表紙!O8 -> LMS学習管理システム | U2: =表紙!S12 -> ユーティリティクラス設計書 | AO2: 臼井 | AU2: 44257
B5: No. | D5: クラス
D6: 論理名 | L6: 物理名
B7: =ROW()-6 -> 1 | D7: 勤怠 | L7: AttendanceUtil
B8: =ROW()-6 -> 2 | D8: Amazon S3 | L8: AWSS3Util | T8: ※Amazon S3未作動の為省略
B9: =ROW()-6 -> 3 | D9: 定数 | L9: Constants
B10: =ROW()-6 -> 4 | D10: 日付 | L10: DateUtil
B11: =ROW()-6 -> 5 | D11: エクセル | L11: ExcelUtil
B12: =ROW()-6 -> 6 | D12: ファイル | L12: FileUtil
B13: =ROW()-6 -> 7 | D13: ロギング | L13: LoggingUtil
B14: =ROW()-6 -> 8 | D14: ログイン | L14: LoginUserUtil
B15: =ROW()-6 -> 9 | D15: メール | L15: MailUtil
B16: =ROW()-6 -> 10 | D16: メッセージ | L16: MessageUtil
B17: =ROW()-6 -> 11 | D17: パスワード | L17: PasswordUtil
B18: =ROW()-6 -> 12 | D18: 会場 | L18: PlaceUtil
B19: =ROW()-6 -> 13 | D19: 文字列 | L19: StringUtil
B20: =ROW()-6 -> 14 | D20: 研修時間 | L20: TrainingTime

Sheet 関数名一覧
A1: プロジェクト名 | K1: システム名 | U1: =表紙!O10 -> 共通設計書 | AO1: 作成者 | AU1: 作成日 | BA1: 更新者 | BG1: 更新日
A2: =表紙!O9 -> 体験型Java研修 | K2: =表紙!O8 -> LMS学習管理システム | U2: =表紙!S12 -> ユーティリティクラス設計書 | AO2: 臼井 | AU2: 44257 | BA2: 岡野 | BG2: 44550
A5: No. | C5: クラス | I5: 関数名 | AI5: 引数 | AU5: 戻り値 | BG5: 備考
I6: 論理名 | Y6: 物理名 | AI6: 論理名 | AO6: 物理名 | AU6: 論理名 | BA6: 物理名
A7: =TEXT(ROW()-6,"000") -> 001 | C7: 勤怠 | I7: 中抜け時間を時(hour)と分(minute)に変換 | Y7: calcBlankTime | AI7: 中抜け時間 | AO7: int | AU7: 時(hour)と分(minute)に変換したクラス | BA7: TrainingTime
A8: =TEXT(ROW()-6,"000") -> 002 | C8: 勤怠 | I8: 本日日付（yyyy/M/d形式）を取得 | Y8: getTrainingDate | AI8: - | AO8: - | AU8: 本日日付 | BA8: Date
A9: =TEXT(ROW()-6,"000") -> 003 | C9: 勤怠 | I9: SSS定時・出退勤時間を基に、遅刻早退を判定 | Y9: getStatus | AI9: 開始時刻 終了時刻 | AO9: TrainingTime TrainingTime | AU9: 勤怠管理画面用ステ-タスクラス | BA9: AttendanceStatusEnum
A10: =TEXT(ROW()-6,"000") -> 004 | C10: 勤怠 | I10: 与えられた定時・出退勤時間を基に、遅刻早退を判定 | Y10: getStatus | AI10: 開始時刻 終了時刻 定時開始時刻 定時終了時刻 | AO10: TrainingTime TrainingTime TrainingTime TrainingTime | AU10: 勤怠管理画面用ステ-タスクラス | BA10: AttendanceStatusEnum
A11: =TEXT(ROW()-6,"000") -> 005 | C11: 勤怠 | I11: 中抜け時間のプルダウンマップを生成 | Y11: setBlankTime | AI11: - | AO11: - | AU11: 15分刻みの時間(数値)と〇〇時〇〇分の文字列がセットになったマップ | BA11: LinkedHashMap<Integer, String>
A12: =TEXT(ROW()-6,"000") -> 006 | C12: 勤怠 | I12: 時間のプルダウンマップを生成 | Y12: getHourMap | AI12: - | AO12: - | AU12: 1時間刻みの時間(数値)マップ | BA12: LinkedHashMap<Integer, String>
A13: =TEXT(ROW()-6,"000") -> 007 | C13: 勤怠 | I13: 分のプルダウンマップを生成 | Y13: getMinuteMap | AI13: - | AO13: - | AU13: 1分刻みの分(数値)マップ | BA13: LinkedHashMap<Integer, String>
A14: =TEXT(ROW()-6,"000") -> 008 | C14: 勤怠 | I14: 時間(時)の切り出し | Y14: getHour | AI14: 開始時刻or終了時刻 | AO14: String | AU14: 出退勤時間(時間) | BA14: Integer
A15: =TEXT(ROW()-6,"000") -> 009 | C15: 勤怠 | I15: 時間(分)の切り出し | Y15: getMinute | AI15: 開始時刻or終了時刻 | AO15: String | AU15: 出退勤時間(分) | BA15: Integer
A16: =TEXT(ROW()-6,"000") -> 010 | C16: 勤怠 | I16: 受講時間数を算出 | Y16: calcJukoTime | AI16: 開始時刻 終了時刻 | AO16: TrainingTime TrainingTime | AU16: 受講トータル時間 | BA16: TrainingTime
A17: =TEXT(ROW()-6,"000") -> 011 | C17: 勤怠 | I17: 中抜け時間(文字列)を数字に変換 | Y17: reverseBlankTime | AI17: 中抜け時間 | AO17: String | AU17: 中抜け時間 | BA17: Integer
A18: =TEXT(ROW()-6,"000") -> 012 | C18: 勤怠 | I18: プルダウン初期表示用の中抜け時間を返却 | Y18: convertBlankTime | AI18: 中抜け時間 | AO18: Integer | AU18: 中抜け時間（〇〇時〇〇分の文字列） | BA18: String
... A78: =TEXT(ROW()-6,"000") -> 072 | C78: ファイル | I78: ファイルサイズ（Long型）を単位をつけた形に変換 | Y78: parseFileSize | AI78: 変換前のファイルサイズ | AO78: Long | AU78: 変換後のファイルサイズ | BA78: String
A79: =TEXT(ROW()-6,"000") -> 073 | C79: ロギング | I79: ログの追加 | Y79: appendLog | AI79: 文字列 | AO79: StringBuffer
A80: =TEXT(ROW()-6,"000") -> 074 | C80: ログイン | I80: ログイン情報を取得 | Y80: getLoginUserDto | AI80: - | AO80: - | AU80: 判定結果 | BA80: boolean
A81: =TEXT(ROW()-6,"000") -> 075 | C81: ログイン | I81: ログインチェック | Y81: isLogin | AI81: - | AO81: - | AU81: 判定結果 | BA81: boolean
A82: =TEXT(ROW()-6,"000") -> 076 | C82: ログイン | I82: ログインしているユーザーが管理者か判定 | Y82: isAdmin | AI82: - | AO82: - | AU82: 判定結果 | BA82: boolean
A83: =TEXT(ROW()-6,"000") -> 077 | C83: ログイン | I83: ログインしているユーザーが企業担当者か判定 | Y83: isCompany | AI83: - | AO83: - | AU83: 判定結果 | BA83: boolean
A84: =TEXT(ROW()-6,"000") -> 078 | C84: ログイン | I84: ログインしているユーザーが受講生か判定 | Y84: isStudent | AI84: - | AO84: - | AU84: 判定結果 | BA84: boolean
A85: =TEXT(ROW()-6,"000") -> 079 | C85: ログイン | I85: ログインしているユーザーが講師か判定 | Y85: isTeacher | AI85: - | AO85: - | AU85: 判定結果 | BA85: boolean
A86: =TEXT(ROW()-6,"000") -> 080 | C86: ログイン | I86: ログインしているユーザーが育成担当者か判定 | Y86: isTraining | AI86: - | AO86: - | AU86: 判定結果 | BA86: boolean
A87: =TEXT(ROW()-6,"000") -> 081 | C87: メール | I87: メール送信 | Y87: sendMail | AI87: 宛先 CC先 件名 内容 | AO87: String String[] String String | AU87: - | BA87: -
A88: =TEXT(ROW()-6,"000") -> 082 | C88: メッセ-ジ | I88: メッセ-ジを取得 | Y88: getMessage | AI88: メッセ-ジID | AO88: String | AU88: メッセ-ジ | BA88: String
A89: =TEXT(ROW()-6,"000") -> 083 | C89: メッセ-ジ | I89: メッセ-ジを取得（挿入文字あり） | Y89: getMessage | AI89: メッセ-ジID 挿入文字列 | AO89: String String[] | AU89: メッセ-ジ | BA89: String
A90: =TEXT(ROW()-6,"000") -> 084 | C90: パスワ-ド | I90: salt +ハッシュ化+ストレッチングしたパスワ-ドを 取得 | Y90: getSaltedAndStrechedPassword | AI90: パスワ-ド ユ-ザ-ID | AO90: String String | AU90: salt+ハッシュ+ストレッチングした パスワ-ド | BA90: String
A91: =TEXT(ROW()-6,"000") -> 085 | C91: パスワ-ド | I91: salt＋ハッシュ化したパスワ-ドを取得 | Y91: getSaltedPassword | AI91: パスワ-ド ユ-ザ-ID | AO91: String String | AU91: salt+ハッシュしたパスワ-ド | BA91: String
... A111: =TEXT(ROW()-6,"000") -> 105 | C111: 研修時間 | I111: 指定した研修時間インスタンスが一致しているか判定 | Y111: equals | AI111: オブジェクト | AO111: Object | AU111: 判定結果 | BA111: String
A112: =TEXT(ROW()-6,"000") -> 106 | C112: 研修時間 | I112: 指定した研修時間インスタンスの比較 | Y112: compareTo | AI112: 比較対象の検証時間インスタンス | AO112: TrainingTime | AU112: 比較結果
A113: =TEXT(ROW()-6,"000") -> 107 | C113: 研修時間 | I113: フィールド変数に値が設定されているかどうか | Y113: isBlank | AI113: - | AO113: - | AU113: 判定結果 | BA113: boolean
A114: =TEXT(ROW()-6,"000") -> 108 | C114: 研修時間 | I114: フィールド変数に値が設定されていないかどうか | Y114: isNotBlank | AI114: - | AO114: - | AU114: 判定結果 | BA114: boolean
A115: =TEXT(ROW()-6,"000") -> 109 | C115: 研修時間 | I115: 時刻をHH:mm形式で返却 | Y115: getFormattedString | AI115: - | AO115: - | AU115: 変換後の日付 | BA115: String
A116: =TEXT(ROW()-6,"000") -> 110 | C116: 研修時間 | I116: 分を15分刻みで切り上げ | Y116: roundUp | AI116: - | AO116: - | AU116: 自身のインスタンス | BA116: TrainingTime
A117: =TEXT(ROW()-6,"000") -> 111 | C117: 研修時間 | I117: 分を15分刻みで切り捨て | Y117: roundDown | AI117: - | AO117: - | AU117: 自身のインスタンス | BA117: TrainingTime
A118: =TEXT(ROW()-6,"000") -> 112 | C118: 研修時間 | I118: フィールド変数がnullかどうか判定 | Y118: isEmpty | AI118: - | AO118: - | AU118: 判定結果 | BA118: boolean
A119: =TEXT(ROW()-6,"000") -> 113 | C119: 研修時間 | I119: 休憩時間範囲 | Y119: restTimeZone | AI119: 休憩時間 休憩開始時間 休憩終了時間 | AO119: TrainingTime TrainingTime TrainingTime | AU119: 休憩時間 | BA119: String
