Workbook

Sheet 表紙
O8: LMS学習管理システム
O9: Javaリアルプロジェクト
S11: 機能一覧
X15: ="第"&TEXT(MAX(更新履歴!A8:J157),"#0.0")&"版" -> 第1.5版 | AA15: =MAX(更新履歴!K8:T157) -> 45315
U18: 作成者 | Z18: 審査者 | AE18: 承認者
U19: 臼井

Sheet 更新履歴
A1: プロジェクト名 | K1: システム名 | U1: =表紙!S11 -> 機能一覧 | AO1: 作成者 | AU1: 作成日 | BA1: 更新者 | BG1: 更新日
A2: =表紙!O9 -> Javaリアルプロジェクト | K2: =表紙!O8 -> LMS学習管理システム | U2: 更新履歴 | AO2: 臼井 | AU2: 44265 | BA2: 堀井 | BG2: 45315
A5: バージョン | K5: 日付 | U5: 章番号 | Y5: 内容 | BA5: 作成者 / 更新者
A8: 1 | K8: 44265 | U8: 全て | Y8: 新規作成 | BA8: 臼井
A11: 1.1 | K11: 44293 | U11: 機能一覧 | Y11: サポートセンター問い合わせ画面追加 | BA11: 上村
A14: 1.2 | K14: 45222 | U14: 機能一覧 | Y14: 過去契約確認機能に企業担当者の閲覧権限を追加 | BA14: 堀井
A17: 1.3 | K17: 45232 | U17: 機能一覧 | Y17: 引継面談の画面名を設計書間で統一 | BA17: 堀井
A20: 1.4 | K20: 45240 | U20: 機能一覧 | Y20: 【コース・セクション】 画面名の統一 | BA20: 堀井
A23: 1.5 | K23: 45315 | U23: 機能一覧 | Y23: お知らせ機能の名称、詳細を修正 | BA23: 堀井

Sheet 機能一覧
A1: プロジェクト名 | K1: システム名 | U1: =表紙!S11 -> 機能一覧 | AO1: 作成者 | AU1: 作成日 | BA1: 更新者 | BG1: 更新日
A2: =表紙!O9 -> Javaリアルプロジェクト | K2: =表紙!O8 -> LMS学習管理システム | U2: 機能一覧 | AO2: 臼井 | AU2: 44265 | BA2: 堀井 | BG2: 45315
A5: No. | C5: 機能名 | U5: 画面名 | AK5: 機能詳細/備考 | BC5: 参照可能権限
BC6: 受 | BE6: 講 | BG6: 企 | BI6: 育 | BK6: 管
A7: =MAX(A$5:INDIRECT("A"&ROW()-1))+1 -> 1 | C7: ログイン機能 | U7: ログイン画面 | AK7: システムへのログインを行う際に使用。 3回連続でログインに失敗した場合はロックする。 | BC7: 〇 | BE7: 〇 | BG7: 〇 | BI7: 〇 | BK7: 〇
A8: =MAX(A$5:INDIRECT("A"&ROW()-1))+1 -> 2 | C8: パスワード再設定機能 | U8: パスワード再設定画面 | AK8: 自分自身のパスワードの再設定を行う際に使用。 | BC8: 〇 | BE8: 〇 | BG8: 〇 | BI8: 〇 | BK8: 〇
A9: =MAX(A$5:INDIRECT("A"&ROW()-1))+1 -> 3 | U9: パスワード再設定画面 | AK9: パスワードの再設定が完了した際に表示する画面。 | BC9: 〇 | BE9: 〇 | BG9: 〇 | BI9: 〇 | BK9: 〇
A10: =MAX(A$5:INDIRECT("A"&ROW()-1))+1 -> 4 | U10: パスワード再設定画面 | AK10: パスワードの再設定時にエラーが発生した際に表示する画面。 | BC10: 〇 | BE10: 〇 | BG10: 〇 | BI10: 〇 | BK10: 〇
A11: =MAX(A$5:INDIRECT("A"&ROW()-1))+1 -> 5 | C11: 企業変更機能 | U11: 企業一覧画面 | AK11: 企業の一覧を表示する画面。 企業毎にファイル共有機能を有効/無効にするかを設定する際に使用。 | BC11: × | BE11: × | BG11: × | BI11: × | BK11: 〇
A12: =MAX(A$5:INDIRECT("A"&ROW()-1))+1 -> 6 | C12: コース登録機能 | U12: コース一覧画面 | AK12: コースの一覧を表示する画面。 | BC12: × | BE12: 〇 | BG12: × | BI12: × | BK12: 〇
A13: =MAX(A$5:INDIRECT("A"&ROW()-1))+1 -> 7 | U13: コース詳細画面 | AK13: 通常コースの詳細を表示する画面。 | BC13: 〇 | BE13: 〇 | BG13: × | BI13: × | BK13: 〇
A14: =MAX(A$5:INDIRECT("A"&ROW()-1))+1 -> 8 | U14: コース登録画面 | AK14: 通常コースの登録を行う画面。 | BC14: × | BE14: × | BG14: × | BI14: × | BK14: 〇
A15: =MAX(A$5:INDIRECT("A"&ROW()-1))+1 -> 9 | U15: コース詳細登録画面 | AK15: 通常コースのカテゴリー、セクションの登録を行う画面。 | BC15: × | BE15: × | BG15: × | BI15: × | BK15: 〇
A16: =MAX(A$5:INDIRECT("A"&ROW()-1))+1 -> 10 | U16: コース変更画面 | AK16: 通常コースの変更を行う画面。 | BC16: × | BE16: × | BG16: × | BI16: × | BK16: 〇
A17: =MAX(A$5:INDIRECT("A"&ROW()-1))+1 -> 11 | U17: コース詳細変更画面 | AK17: 通常コースのカテゴリー、セクションの変更を行う画面。 | BC17: × | BE17: × | BG17: × | BI17: × | BK17: 〇
A18: =MAX(A$5:INDIRECT("A"&ROW()-1))+1 -> 12 | U18: セクション詳細画面 | AK18: セクションの詳細を表示する画面。 試験の受験や日報、週報、月報の提出、セクションに設定された教材をダウンロードする際に使用。 | BC18: 〇 | BE18: 〇 | BG18: × | BI18: × | BK18: 〇
A19: =MAX(A$5:INDIRECT("A"&ROW()-1))+1 -> 13 | U19: セクション詳細変更画面 | AK19: セクションの詳細を表示する画面。 試験の受験や日報、週報、月報の提出、セクションに設定された教材をダウンロードする際に使用。 | BC19: × | BE19: × | BG19: × | BI19: × | BK19: 〇
A20: =MAX(A$5:INDIRECT("A"&ROW()-1))+1 -> 14 | C20: 開講セット出力機能 | U20: 開講セット出力画面 | AK20: 開講セットのCSV出力を行う画面。 現在は使用していない。 | BC20: × | BE20: × | BG20: × | BI20: × | BK20: 〇
A21: =MAX(A$5:INDIRECT("A"&ROW()-1))+1 -> 15 | C21: レポートテンプレート登録機能 | U21: レポート一覧画面 | AK21: 日報、週報、月報のテンプレート一覧を表示する画面。 テンプレート削除を行う際にも使用。 | BC21: × | BE21: × | BG21: × | BI21: × | BK21: 〇
A22: =MAX(A$5:INDIRECT("A"&ROW()-1))+1 -> 16 | U22: レポートテンプレート登録画面 | AK22: 日報、週報、月報のテンプレート登録を行う画面。 | BC22: × | BE22: × | BG22: × | BI22: × | BK22: 〇
A23: =MAX(A$5:INDIRECT("A"&ROW()-1))+1 -> 17 | U23: レポートテンプレート変更画面 | AK23: 日報、週報、月報のテンプレート変更を行う画面。 | BC23: × | BE23: × | BG23: × | BI23: × | BK23: 〇
A24: =MAX(A$5:INDIRECT("A"&ROW()-1))+1 -> 18 | C24: レポート提出機能 | U24: レポート一覧画面 | AK24: 提出された日報、週報、月報の一覧を表示する画面。 | BC24: × | BE24: 〇 | BG24: 〇 | BI24: 〇 | BK24: 〇
A25: =MAX(A$5:INDIRECT("A"&ROW()-1))+1 -> 19 | U25: レポート詳細画面 | AK25: 提出された日報、週報、月報の詳細を表示する画面。 フィードバックコメントの表示、登録をする際にも使用。 | BC25: 〇 | BE25: 〇 | BG25: 〇 | BI25: 〇 | BK25: 〇
A26: =MAX(A$5:INDIRECT("A"&ROW()-1))+1 -> 20 | U26: レポート提出画面 | AK26: 日報、週報、月報の提出を行う画面。 変更を行う際にも使用。 | BC26: 〇 | BE26: 〇 | BG26: × | BI26: × | BK26: 〇
A27: =MAX(A$5:INDIRECT("A"&ROW()-1))+1 -> 21 | C27: 評価レポートテンプレート登録機能 | U27: 評価レポート一覧画面 | AK27: 評価レポートのテンプレート一覧を表示する。 評価レポートのテンプレートをコピー、削除をする際にも使用。 | BC27: × | BE27: × | BG27: × | BI27: × | BK27: 〇
A28: =MAX(A$5:INDIRECT("A"&ROW()-1))+1 -> 22 | U28: 評価レポート登録画面 | AK28: 評価レポートのテンプレート登録を行う画面。 試験データ、成果物データとの紐づけを行う。 | BC28: × | BE28: × | BG28: × | BI28: × | BK28: 〇
A29: =MAX(A$5:INDIRECT("A"&ROW()-1))+1 -> 23 | U29: 評価レポート変更画面 | AK29: 評価レポートのテンプレート変更を行う画面。 試験データ、成果物データとの紐づけを変更する。 | BC29: × | BE29: × | BG29: × | BI29: × | BK29: 〇
A30: =MAX(A$5:INDIRECT("A"&ROW()-1))+1 -> 24 | C30: 評価レポート結果登録機能 | U30: 評価レポート結果登録画面 | AK30: 評価レポートの結果登録を行う画面。 評価レポートのテンプレートに応じて登録する。 | BC30: × | BE30: 〇 | BG30: × | BI30: × | BK30: 〇
A31: =MAX(A$5:INDIRECT("A"&ROW()-1))+1 -> 25 | C31: 評価レポート採点確認機能 | U31: 評価レポート採点確認画面 | AK31: 評価レポートをCSVを用い一括出力、一括採点する際に使用。 | BC31: × | BE31: 〇 | BG31: × | BI31: × | BK31: 〇
A32: =MAX(A$5:INDIRECT("A"&ROW()-1))+1 -> 26 | C32: 評価レポート公開機能、評価レポートダウンロード機能 | U32: 評価レポート一覧画面 | AK32: 評価レポートの採点状況の確認、並びに公開を行う際に使用。 | BC32: × | BE32: × | BG32: × | BI32: × | BK32: 〇
A33: =MAX(A$5:INDIRECT("A"&ROW()-1))+1 -> 27 | C33: 試験問題登録機能 | U33: 試験カテゴリー一覧画面 | AK33: 試験カテゴリーの一覧を表示する画面。 詳細試験カテゴリーを削除をする際にも使用。 | BC33: × | BE33: × | BG33: × | BI33: × | BK33: 〇
A34: =MAX(A$5:INDIRECT("A"&ROW()-1))+1 -> 28 | U34: 試験カテゴリー登録画面 | AK34: 試験カテゴリーの登録を行う画面。 | BC34: × | BE34: × | BG34: × | BI34: × | BK34: 〇
A35: =MAX(A$5:INDIRECT("A"&ROW()-1))+1 -> 29 | U35: 試験カテゴリー変更画面 | AK35: 試験カテゴリーの変更を行う画面。 | BC35: × | BE35: × | BG35: × | BI35: × | BK35: 〇
A36: =MAX(A$5:INDIRECT("A"&ROW()-1))+1 -> 30 | U36: 詳細試験カテゴリー登録画面 | AK36: 詳細試験カテゴリー登録を行う画面。 | BC36: × | BE36: × | BG36: × | BI36: × | BK36: 〇
A37: =MAX(A$5:INDIRECT("A"&ROW()-1))+1 -> 31 | U37: 詳細試験カテゴリー変更画面 | AK37: 詳細試験カテゴリー変更を行う画面。 | BC37: × | BE37: × | BG37: × | BI37: × | BK37: 〇
A38: =MAX(A$5:INDIRECT("A"&ROW()-1))+1 -> 32 | U38: 試験登録画面 | AK38: 試験の登録を行う画面。 | BC38: × | BE38: × | BG38: × | BI38: × | BK38: 〇
A39: =MAX(A$5:INDIRECT("A"&ROW()-1))+1 -> 33 | U39: 試験問題登録画面 | AK39: 試験の問題登録を行う画面。 | BC39: × | BE39: × | BG39: × | BI39: × | BK39: 〇
A40: =MAX(A$5:INDIRECT("A"&ROW()-1))+1 -> 34 | U40: 試験内容変更画面 | AK40: 試験の内容変更を行う画面。 試験名や制限時間等を変更する際に使用。 | BC40: × | BE40: × | BG40: × | BI40: × | BK40: 〇
A41: =MAX(A$5:INDIRECT("A"&ROW()-1))+1 -> 35 | U41: 試験問題変更画面 | AK41: 試験の問題変更を行う。 試験の問題数の変更は出来ない。 | BC41: × | BE41: × | BG41: × | BI41: × | BK41: 〇
A42: =MAX(A$5:INDIRECT("A"&ROW()-1))+1 -> 36 | U42: 試験一覧画面 | AK42: 試験の一覧を表示する画面。 試験を削除する際にも使用。 | BC42: × | BE42: 〇 | BG42: 〇 | BI42: 〇 | BK42: 〇
A43: =MAX(A$5:INDIRECT("A"&ROW()-1))+1 -> 37 | U43: 試験詳細画面 | AK43: 試験の詳細を表示する画面。 | BC43: 〇 | BE43: 〇 | BG43: 〇 | BI43: 〇 | BK43: 〇
A44: =MAX(A$5:INDIRECT("A"&ROW()-1))+1 -> 38 | C44: 試験実施機能 | U44: 試験開始画面 | AK44: 試験についての内容を表示する画面。 試験を開始する際に使用。 | BC44: 〇 | BE44: × | BG44: × | BI44: × | BK44: 〇
A45: =MAX(A$5:INDIRECT("A"&ROW()-1))+1 -> 39 | U45: 試験問題画面 | AK45: 試験の問題を表示する画面。 制限時間を超えた場合は自動でサブミットされる。 | BC45: 〇 | BE45: × | BG45: × | BI45: × | BK45: 〇
A46: =MAX(A$5:INDIRECT("A"&ROW()-1))+1 -> 40 | U46: 試験回答確認画面 | AK46: 試験の回答した内容を確認する画面。 誤答の場合のみ試験の解説が表示される。 | BC46: 〇 | BE46: × | BG46: × | BI46: × | BK46: 〇
A47: =MAX(A$5:INDIRECT("A"&ROW()-1))+1 -> 41 | U47: 試験結果画面 | AK47: 試験の結果を表示する画面。 | BC47: 〇 | BE47: × | BG47: × | BI47: × | BK47: 〇
A48: =MAX(A$5:INDIRECT("A"&ROW()-1))+1 -> 42 | U48: 試験結果一覧画面 | AK48: 試験結果の一覧を表示する画面。 全試験データの平均点が表示される。 | BC48: × | BE48: 〇 | BG48: × | BI48: × | BK48: 〇
A49: =MAX(A$5:INDIRECT("A"&ROW()-1))+1 -> 43 | U49: 試験回答状況画面 | AK49: 試験の受験結果を表示する画面。 | BC49: × | BE49: 〇 | BG49: × | BI49: × | BK49: 〇
A50: =MAX(A$5:INDIRECT("A"&ROW()-1))+1 -> 44 | C50: 休暇日設定機能 | U50: 休暇日一覧画面 | AK50: 休暇日の一覧を表示する画面。 休暇日の登録、削除をする際に使用。 休暇日は全コース共通となり、休暇日に講義を設定することは出来ない。 | BC50: × | BE50: × | BG50: × | BI50: × | BK50: 〇
A51: =MAX(A$5:INDIRECT("A"&ROW()-1))+1 -> 45 | C51: お知らせ登録機能 | U51: お知らせ画面 | AK51: 最新のお知らせを表示する画面。 | BC51: × | BE51: × | BG51: × | BI51: × | BK51: 〇
A52: =MAX(A$5:INDIRECT("A"&ROW()-1))+1 -> 46 | U52: お知らせ登録画面 | AK52: お知らせの登録・変更を行う画面。 お知らせはトップページに表示される。 | BC52: × | BE52: × | BG52: × | BI52: × | BK52: 〇
A53: =MAX(A$5:INDIRECT("A"&ROW()-1))+1 -> 47 | U53: お知らせ履歴一覧 | AK53: お知らせ履歴の一覧表示する画面。 | BC53: × | BE53: × | BG53: × | BI53: × | BK53: 〇
A54: =MAX(A$5:INDIRECT("A"&ROW()-1))+1 -> 48 | C54: 面談テンプレート登録機能 | U54: 面談テンプレートファイル一覧画面 | AK54: 面談テンプレートファイルの一覧を表示する画面。 面談テンプレートファイルを削除する際にも使用。 | BC54: × | BE54: × | BG54: × | BI54: × | BK54: 〇
A55: =MAX(A$5:INDIRECT("A"&ROW()-1))+1 -> 49 | U55: 面談テンプレート登録画面 | AK55: 面談テンプレートの登録を行う画面。 | BC55: × | BE55: × | BG55: × | BI55: × | BK55: 〇
A56: =MAX(A$5:INDIRECT("A"&ROW()-1))+1 -> 50 | U56: 面談テンプレート変更画面 | AK56: 面談テンプレートの変更を行う画面。 | BC56: × | BE56: × | BG56: × | BI56: × | BK56: 〇
A57: =MAX(A$5:INDIRECT("A"&ROW()-1))+1 -> 51 | C57: 面談記録登録機能 | U57: 面談記録登録画面 | AK57: 面談記録の登録を行う画面。 面談テンプレートファイルに応じて登録する。 | BC57: × | BE57: 〇 | BG57: × | BI57: × | BK57: 〇
A58: =MAX(A$5:INDIRECT("A"&ROW()-1))+1 -> 52 | U58: 面談記録変更画面 | AK58: 面談記録の変更を行う画面。 | BC58: × | BE58: 〇 | BG58: × | BI58: × | BK58: 〇
A59: =MAX(A$5:INDIRECT("A"&ROW()-1))+1 -> 53 | C59: 会場登録機能 | U59: 会場一覧画面 | AK59: 会場の一覧を表示する画面。 会場の削除をする際にも使用。 | BC59: × | BE59: × | BG59: × | BI59: × | BK59: 〇
A60: =MAX(A$5:INDIRECT("A"&ROW()-1))+1 -> 54 | U60: 会場登録画面 | AK60: 会場の登録を行う画面。 備考欄は「タイトル$教室名$備考」形式で入力し、「タイトル」はメール一斉送信のプレースホルダに使用。 | BC60: × | BE60: × | BG60: × | BI60: × | BK60: 〇
A61: =MAX(A$5:INDIRECT("A"&ROW()-1))+1 -> 55 | U61: 会場変更画面 | AK61: 会場の変更を行う画面。 | BC61: × | BE61: × | BG61: × | BI61: × | BK61: 〇
A62: =MAX(A$5:INDIRECT("A"&ROW()-1))+1 -> 56 | U62: 会場データインポート画面 | AK62: CSVで会場登録行う画面。 CSVフォーマットのDLをする際にも使用。 | BC62: × | BE62: × | BG62: × | BI62: × | BK62: 〇
A63: =MAX(A$5:INDIRECT("A"&ROW()-1))+1 -> 57 | C63: 改修履歴登録機能 | U63: 改修履歴一覧画面 | AK63: 改修履歴の一覧を表示する画面。 改修履歴の削除をする際にも使用。 | BC63: × | BE63: × | BG63: × | BI63: × | BK63: 〇
A64: =MAX(A$5:INDIRECT("A"&ROW()-1))+1 -> 58 | U64: 改修新規登録画面 | AK64: 改修新規登録を行う画面。 LMS保守チームが使用。 | BC64: × | BE64: × | BG64: × | BI64: × | BK64: 〇
A65: =MAX(A$5:INDIRECT("A"&ROW()-1))+1 -> 59 | U65: 改修内容変更画面 | AK65: 改修内容の変更を行う画面。 LMS保守チームが使用。 | BC65: × | BE65: × | BG65: × | BI65: × | BK65: 〇
A66: =MAX(A$5:INDIRECT("A"&ROW()-1))+1 -> 60 | C66: 利用規約同意機能 | U66: 利用規約画面 | AK66: セキュリティ規約に同意を行う画面。 内容の変更はシステム上からは出来ないためLMS保守チームが実施。 | BC66: 〇 | BE66: 〇 | BG66: 〇 | BI66: 〇 | BK66: ×
A67: =MAX(A$5:INDIRECT("A"&ROW()-1))+1 -> 61 | C67: パスワード再設定機能（企業担当者） | U67: パスワード変更画面 | AK67: パスワード変更を行う画面。 | BC67: 〇 | BE67: 〇 | BG67: 〇 | BI67: 〇 | BK67: 〇
A68: =MAX(A$5:INDIRECT("A"&ROW()-1))+1 -> 62 | U68: パスワード再発行画面 | AK68: 管理者と講師がパスワードの再発行を行う画面。 | BC68: × | BE68: 〇 | BG68: × | BI68: × | BK68: 〇
A69: =MAX(A$5:INDIRECT("A"&ROW()-1))+1 -> 63 | U69: パスワード変更画面 | AK69: メール通知後にパスワード設定を行う画面。 | BC69: 〇 | BE69: 〇 | BG69: 〇 | BI69: 〇 | BK69: 〇
A70: =MAX(A$5:INDIRECT("A"&ROW()-1))+1 -> 64 | C70: ユーザ登録機能 | U70: ユーザー詳細画面 | AK70: ユーザーの詳細を表示する画面。 | BC70: 〇 | BE70: 〇 | BG70: 〇 | BI70: 〇 | BK70: 〇
A71: =MAX(A$5:INDIRECT("A"&ROW()-1))+1 -> 65 | U71: ユーザー一覧画面 | AK71: ユーザーの一覧を表示する画面。 管理者の場合はユーザーの削除をする際にも使用。 | BC71: × | BE71: 〇 | BG71: 〇 | BI71: 〇 | BK71: 〇
A72: =MAX(A$5:INDIRECT("A"&ROW()-1))+1 -> 66 | U72: マイアカウント画面 | AK72: マイアカウントの情報を表示する画面。 | BC72: × | BE72: 〇 | BG72: 〇 | BI72: 〇 | BK72: ×
A73: =MAX(A$5:INDIRECT("A"&ROW()-1))+1 -> 67 | U73: ユーザー登録画面 | AK73: ユーザー登録のメニューを表示する画面。 | BC73: × | BE73: × | BG73: 〇 | BI73: 〇 | BK73: 〇
A74: =MAX(A$5:INDIRECT("A"&ROW()-1))+1 -> 68 | U74: ユーザー登録画面 | AK74: ユーザー登録を行う画面。 | BC74: × | BE74: × | BG74: 〇 | BI74: 〇 | BK74: 〇
A75: =MAX(A$5:INDIRECT("A"&ROW()-1))+1 -> 69 | U75: ユーザー変更画面 | AK75: ユーザー情報の変更を行う画面。 会場を変更する場合は会場アサイン登録画面、見積もり情報登録画面へ遷移。 | BC75: × | BE75: × | BG75: 〇 | BI75: × | BK75: 〇
A76: =MAX(A$5:INDIRECT("A"&ROW()-1))+1 -> 70 | C76: 動画登録機能 | U76: 動画一覧画面 | AK76: 動画のカテゴリ一覧を表示する画面。 動画カテゴリーを削除する際にも使用。 | BC76: × | BE76: × | BG76: × | BI76: × | BK76: 〇
A77: =MAX(A$5:INDIRECT("A"&ROW()-1))+1 -> 71 | U77: 動画カテゴリー登録画面 | AK77: 動画のカテゴリを登録する画面。 | BC77: × | BE77: × | BG77: × | BI77: × | BK77: 〇
A78: =MAX(A$5:INDIRECT("A"&ROW()-1))+1 -> 72 | U78: 動画カテゴリー登録画面 | AK78: 動画のカテゴリを変更する画面。 | BC78: × | BE78: × | BG78: × | BI78: × | BK78: 〇
A79: =MAX(A$5:INDIRECT("A"&ROW()-1))+1 -> 73 | U79: 動画登録画面 | AK79: 動画を登録する画面。 | BC79: × | BE79: × | BG79: × | BI79: × | BK79: 〇
A80: =MAX(A$5:INDIRECT("A"&ROW()-1))+1 -> 74 | U80: 動画登録画面 | AK80: 動画を変更する画面。 | BC80: × | BE80: × | BG80: × | BI80: × | BK80: 〇
A81: =MAX(A$5:INDIRECT("A"&ROW()-1))+1 -> 75 | U81: 動画視聴画面 | AK81: 動画一覧を表示する画面。 | BC81: 〇 | BE81: 〇 | BG81: × | BI81: × | BK81: 〇
A82: =MAX(A$5:INDIRECT("A"&ROW()-1))+1 -> 76 | C82: ヘルプ機能 | U82: ヘルプ画面 | AK82: LMSの利用マニュアルの一覧を表示する画面。 内容の変更はシステム上からは出来ないためLMS保守チームが実施。 | BC82: 〇 | BE82: 〇 | BG82: 〇 | BI82: 〇 | BK82: 〇
A83: =MAX(A$5:INDIRECT("A"&ROW()-1))+1 -> 77 | C83: 勤怠情報登録機能 | U83: 勤怠情報確認（受講生一覧）画面 | AK83: 受講生の一覧を表示する画面。 | BC83: × | BE83: 〇 | BG83: 〇 | BI83: 〇 | BK83: 〇
A84: =MAX(A$5:INDIRECT("A"&ROW()-1))+1 -> 78 | U84: 勤怠管理画面 | AK84: 受講生が勤怠時間を打刻する画面。 企業担当者、育成担当者が勤務時間を参照する際にも使用。 | BC84: 〇 | BE84: × | BG84: 〇 | BI84: 〇 | BK84: ×
A85: =MAX(A$5:INDIRECT("A"&ROW()-1))+1 -> 79 | U85: 勤怠情報直接変更画面 | AK85: 受講生が入力する受講生勤怠情報を変更する画面。 | BC85: 〇 | BE85: 〇 | BG85: × | BI85: × | BK85: 〇
A86: =MAX(A$5:INDIRECT("A"&ROW()-1))+1 -> 80 | U86: 勤怠情報変更画面 | AK86: 受講生が入力する受講生勤怠情報を変更する画面。 受講生が登録した情報を講師、管理者が確定する際に使用。 | BC86: × | BE86: 〇 | BG86: × | BI86: × | BK86: 〇
A87: =MAX(A$5:INDIRECT("A"&ROW()-1))+1 -> 81 | U87: 勤怠一括登録画面 | AK87: 受講生の勤怠を一括登録する画面。 受講生が登録した情報を講師、管理者が確定する際に使用。 | BC87: × | BE87: 〇 | BG87: × | BI87: × | BK87: 〇
A88: =MAX(A$5:INDIRECT("A"&ROW()-1))+1 -> 82 | C88: ファイル共有機能 | U88: 共有フォルダ一覧画面 | AK88: 共有フォルダの一覧を表示する画面。 | BC88: × | BE88: × | BG88: × | BI88: × | BK88: 〇
A89: =MAX(A$5:INDIRECT("A"&ROW()-1))+1 -> 83 | U89: ファイル一覧画面 | AK89: アップロードされたファイルの一覧を表示する画面。 | BC89: 〇 | BE89: 〇 | BG89: 〇 | BI89: × | BK89: 〇
A90: =MAX(A$5:INDIRECT("A"&ROW()-1))+1 -> 84 | C90: エントリ確定機能 | U90: エントリ一覧画面 | AK90: エントリ一覧を表示する画面。 営業がエントリー情報を確定する際に使用。 | BC90: × | BE90: × | BG90: × | BI90: × | BK90: 〇
A91: =MAX(A$5:INDIRECT("A"&ROW()-1))+1 -> 85 | U91: エントリー情報編集画面 | AK91: エントリーを編集する画面。 企業担当者が誤ったエントリーをした場合に使用。 | BC91: × | BE91: × | BG91: × | BI91: × | BK91: 〇
A92: =MAX(A$5:INDIRECT("A"&ROW()-1))+1 -> 86 | U92: 企業紐付け(エントリー情報確定)画面 | AK92: エントリー企業と既存の企業を紐付けする画面。 | BC92: × | BE92: × | BG92: × | BI92: × | BK92: 〇
A93: =MAX(A$5:INDIRECT("A"&ROW()-1))+1 -> 87 | U93: 企業新規登録(エントリー情報確定)画面 | AK93: エントリーの企業を新規登録する画面。 新規企業がエントリーした際に使用。 | BC93: × | BE93: × | BG93: × | BI93: × | BK93: 〇
A94: =MAX(A$5:INDIRECT("A"&ROW()-1))+1 -> 88 | U94: 企業担当者紐付け(エントリー情報確定)画面 | AK94: エントリーの企業担当者と既存の企業担当者を紐付けする画面。 | BC94: × | BE94: × | BG94: × | BI94: × | BK94: 〇
A95: =MAX(A$5:INDIRECT("A"&ROW()-1))+1 -> 89 | U95: 企業担当者新規登録(エントリー情報確定)画面 | AK95: エントリーの企業担当者を新規登録する画面。 新規企業がエントリーした際に使用。 | BC95: × | BE95: × | BG95: × | BI95: × | BK95: 〇
A96: =MAX(A$5:INDIRECT("A"&ROW()-1))+1 -> 90 | U96: コース紐付け画面 | AK96: エントリーのコースと既存のコースを紐付けする画面。 | BC96: × | BE96: × | BG96: × | BI96: × | BK96: 〇
A97: =MAX(A$5:INDIRECT("A"&ROW()-1))+1 -> 91 | U97: 会場アサイン登録画面 | AK97: エントリ企業の会場と人数を登録する画面。 | BC97: × | BE97: × | BG97: × | BI97: × | BK97: 〇
A98: =MAX(A$5:INDIRECT("A"&ROW()-1))+1 -> 92 | U98: 会場選択画面 | AK98: アサインする会場を選択する画面。 | BC98: × | BE98: × | BG98: × | BI98: × | BK98: 〇
A99: =MAX(A$5:INDIRECT("A"&ROW()-1))+1 -> 93 | U99: 見積もり情報登録画面 | AK99: エントリ企業の見積もり情報を登録する画面。 複数の会場にアサインした場合は会場毎に登録。 | BC99: × | BE99: × | BG99: × | BI99: × | BK99: 〇
A100: =MAX(A$5:INDIRECT("A"&ROW()-1))+1 -> 94 | U100: エントリー確定情報画面 | AK100: エントリ情報を表示する画面。 | BC100: × | BE100: × | BG100: × | BI100: × | BK100: 〇
A101: =MAX(A$5:INDIRECT("A"&ROW()-1))+1 -> 95 | U101: 送信メール確認画面 | AK101: メール送信をするエントリ情報を表示する画面。 送信するメールは、メールテンプレートのエントリーメールから選択。 | BC101: × | BE101: × | BG101: × | BI101: × | BK101: 〇
A102: =MAX(A$5:INDIRECT("A"&ROW()-1))+1 -> 96 | U102: メール一斉送信 | AK102: エントリ情報のメールテンプレート一覧を表示する画面。 | BC102: × | BE102: × | BG102: × | BI102: × | BK102: 〇
...
